date,cash,value,SPY_qty,QQQ_qty,VEA_qty,EEM_qty,BIL_qty,GLD_qty,SPY,QQQ,VEA,EEM,BIL,GLD
2020-01-02,10000.0,10000.0,0.0,0.0,0.0,0.0,0.0,0.0,0.0,0.0,0.0,0.0,0.0,0.0
2020-01-03,-112.59,9989.89,7.68186410452319,8.60868799913362,13.250072885914236,0.0,28.81848049913377,22.229941422996855,2282.58,1783.51,493.92,0.0,2300.0,3242.46
2020-01-06,-112.59,10045.54,7.68186410452319,8.60868799913362,13.250072885914236,0.0,28.81848049913377,22.229941422996855,2291.29,1795.0,495.61,0.0,2299.75,3276.47
2020-01-07,-112.59,10050.95,7.68186410452319,8.60868799913362,13.250072885914236,0.0,28.81848049913377,22.229941422996855,2284.85,1794.75,494.82,0.0,2299.75,3289.36
2020-01-08,-112.59,10053.12,7.68186410452319,8.60868799913362,13.250072885914236,0.0,28.81848049913377,22.229941422996855,2297.03,1808.24,495.5,0.0,2300.25,3264.69
2020-01-09,-112.59,10067.84,7.68186410452319,8.60868799913362,13.250072885914236,0.0,28.81848049913377,22.229941422996855,2312.6,1823.57,497.52,0.0,2300.5,3246.24
2020-01-10,-112.59,10074.4,7.68186410452319,8.60868799913362,13.250072885914236,0.0,28.81848049913377,22.229941422996855,2305.95,1818.9,495.84,0.0,2300.5,3265.8
2020-01-13,-112.59,10089.94,7.68186410452319,8.60868799913362,13.250072885914236,0.0,28.81848049913377,22.229941422996855,2321.81,1839.89,498.76,0.0,2300.5,3241.57
2020-01-14,-112.59,10076.6,7.68186410452319,8.60868799913362,13.250072885914236,0.0,28.81848049913377,22.229941422996855,2318.27,1832.64,499.1,0.0,2300.5,3238.68
2020-01-15,-112.59,10101.4,7.68186410452319,8.60868799913362,13.250072885914236,0.0,28.81848049913377,22.229941422996855,2323.5,1833.39,498.76,0.0,2300.75,3257.58
2020-01-16,-112.59,10136.39,7.68186410452319,8.60868799913362,13.250072885914236,0.0,28.81848049913377,22.229941422996855,2342.83,1850.96,501.46,0.0,2301.26,3252.46
2020-01-17,-112.59,10159.83,7.68186410452319,8.60868799913362,13.250072885914236,0.0,28.81848049913377,22.229941422996855,2350.12,1860.12,502.7,0.0,2301.01,3258.46
2020-01-21,-112.59,10154.15,7.68186410452319,8.60868799913362,13.250072885914236,0.0,28.81848049913377,22.229941422996855,2345.52,1859.29,498.65,0.0,2301.26,3262.02
2020-01-22,-112.59,10161.69,7.68186410452319,8.60868799913362,13.250072885914236,0.0,28.81848049913377,22.229941422996855,2345.81,1864.2,499.89,0.0,2301.26,3263.13
2020-01-23,-112.59,10176.73,7.68186410452319,8.60868799913362,13.250072885914236,0.0,28.81848049913377,22.229941422996855,2348.5,1870.2,498.65,0.0,2301.51,3270.47
2020-01-24,-112.59,10157.31,7.68186410452319,8.60868799913362,13.250072885914236,0.0,28.81848049913377,22.229941422996855,2327.61,1854.46,496.74,0.0,2301.51,3289.59
2020-01-27,-112.59,10093.93,7.68186410452319,8.60868799913362,13.250072885914236,0.0,28.81848049913377,22.229941422996855,2290.3,1816.15,486.27,0.0,2301.76,3312.04
2020-01-28,-112.59,10120.43,7.68186410452319,8.60868799913362,13.250072885914236,0.0,28.81848049913377,22.229941422996855,2314.3,1844.05,490.43,0.0,2301.76,3282.47
2020-01-29,-112.59,10139.66,7.68186410452319,8.60868799913362,13.250072885914236,0.0,28.81848049913377,22.229941422996855,2312.39,1847.05,490.54,0.0,2302.01,3300.26
2020-01-30,-112.59,10152.84,7.68186410452319,8.60868799913362,13.250072885914236,0.0,28.81848049913377,22.229941422996855,2319.89,1853.63,489.42,0.0,2302.01,3300.48
2020-01-31,-112.59,10092.11,7.68186410452319,8.60868799913362,13.250072885914236,0.0,28.81848049913377,22.229941422996855,2277.77,1824.23,481.09,0.0,2302.01,3319.6
2020-02-03,-112.59,10116.92,7.68186410452319,8.60868799913362,13.250072885914236,0.0,28.81848049913377,22.229941422996855,2294.69,1851.79,482.78,0.0,2302.21,3298.03
2020-02-04,-114.46,10159.13,5.992611463966683,10.48534992029175,16.019899599588236,0.0,27.555177517458503,22.91018603761665,1817.37,2307.1,593.09,0.0,2201.29,3354.74
2020-02-05,-114.46,10198.05,5.992611463966683,10.48534992029175,16.019899599588236,0.0,27.555177517458503,22.91018603761665,1838.35,2314.71,598.81,0.0,2201.77,3358.86
2020-02-06,-114.46,10244.59,5.992611463966683,10.48534992029175,16.019899599588236,0.0,27.555177517458503,22.91018603761665,1844.54,2334.69,600.85,0.0,2202.01,3376.96
2020-02-07,-114.46,10227.81,5.992611463966683,10.48534992029175,16.019899599588236,0.0,27.555177517458503,22.91018603761665,1834.71,2324.65,594.99,0.0,2202.01,3385.9
2020-02-10,-114.46,10279.42,5.992611463966683,10.48534992029175,16.019899599588236,0.0,27.555177517458503,22.91018603761665,1848.41,2352.75,596.36,0.0,2201.77,3394.6
2020-02-11,-114.46,10275.67,5.992611463966683,10.48534992029175,16.019899599588236,0.0,27.555177517458503,22.91018603761665,1851.61,2353.15,600.44,0.0,2202.01,3382.92
2020-02-12,-114.46,10310.46,5.992611463966683,10.48534992029175,16.019899599588236,0.0,27.555177517458503,22.91018603761665,1863.54,2376.07,602.89,0.0,2202.26,3380.17
2020-02-13,-114.46,10320.56,5.992611463966683,10.48534992029175,16.019899599588236,0.0,27.555177517458503,22.91018603761665,1861.55,2373.03,598.53,0.0,2202.5,3399.41
2020-02-14,-114.46,10344.14,5.992611463966683,10.48534992029175,16.019899599588236,0.0,27.555177517458503,22.91018603761665,1864.53,2379.83,598.12,0.0,2202.5,3413.62
2020-02-18,-114.46,10380.16,5.992611463966683,10.48534992029175,16.019899599588236,0.0,27.555177517458503,22.91018603761665,1859.73,2380.74,594.04,0.0,2202.74,3457.38
2020-02-19,-114.46,10434.48,5.992611463966683,10.48534992029175,16.019899599588236,0.0,27.555177517458503,22.91018603761665,1868.62,2403.56,596.49,0.0,2202.74,3477.54
2020-02-20,-114.46,10414.34,5.992611463966683,10.48534992029175,16.019899599588236,0.0,27.555177517458503,22.91018603761665,1860.94,2381.25,592.14,0.0,2202.74,3491.74
2020-02-21,-114.46,10399.66,5.992611463966683,10.48534992029175,16.019899599588236,0.0,27.555177517458503,22.91018603761665,1841.78,2335.5,589.42,0.0,2203.22,3544.21
2020-02-24,-114.46,10257.12,5.992611463966683,10.48534992029175,16.019899599588236,0.0,27.555177517458503,22.91018603761665,1780.7,2245.44,566.42,0.0,2202.98,3576.05
2020-02-25,-114.46,10068.52,5.992611463966683,10.48534992029175,16.019899599588236,0.0,27.555177517458503,22.91018603761665,1726.74,2184.38,556.75,0.0,2202.98,3512.13
2020-02-26,-114.46,10089.67,5.992611463966683,10.48534992029175,16.019899599588236,0.0,27.555177517458503,22.91018603761665,1720.39,2195.64,557.16,0.0,2203.46,3527.48
2020-02-27,-114.46,9886.61,5.992611463966683,10.48534992029175,16.019899599588236,0.0,27.555177517458503,22.91018603761665,1643.12,2085.69,540.15,0.0,2203.94,3528.17
2020-02-28,-114.46,9749.34,5.992611463966683,10.48534992029175,16.019899599588236,0.0,27.555177517458503,22.91018603761665,1636.22,2087.32,537.16,0.0,2203.7,3399.41
2020-03-02,-114.46,9954.43,5.992611463966683,10.48534992029175,16.019899599588236,0.0,27.555177517458503,22.91018603761665,1707.08,2195.03,544.23,0.0,2204.35,3418.2
2020-03-03,-114.46,9938.74,5.992611463966683,10.48534992029175,16.019899599588236,0.0,27.555177517458503,22.91018603761665,1658.2,2124.64,539.88,0.0,2204.83,3525.65
2020-03-04,-114.46,10119.07,5.992611463966683,10.48534992029175,16.019899599588236,0.0,27.555177517458503,22.91018603761665,1727.9,2213.29,554.71,0.0,2205.8,3531.83
2020-03-05,-233.83,10056.47,4.613848201386902,9.072819638967701,18.890176273579048,8.021537918129864,28.796740895992063,24.844294128125043,1286.12,1856.94,636.93,291.89,2305.69,3912.73
2020-03-06,-233.83,9990.08,4.613848201386902,9.072819638967701,18.890176273579048,8.021537918129864,28.796740895992063,24.844294128125043,1264.86,1825.61,627.62,285.91,2305.69,3914.22
2020-03-09,-233.83,9701.4,4.613848201386902,9.072819638967701,18.890176273579048,8.021537918129864,28.796740895992063,24.844294128125043,1166.08,1698.79,576.59,266.39,2306.69,3920.68
2020-03-10,-233.83,9806.04,4.613848201386902,9.072819638967701,18.890176273579048,8.021537918129864,28.796740895992063,24.844294128125043,1226.42,1791.29,598.09,279.92,2306.19,3837.95
2020-03-11,-233.83,9610.9,4.613848201386902,9.072819638967701,18.890176273579048,8.021537918129864,28.796740895992063,24.844294128125043,1166.64,1713.27,566.96,266.89,2306.69,3824.28
2020-03-12,-233.83,9099.79,4.613848201386902,9.072819638967701,18.890176273579048,8.021537918129864,28.796740895992063,24.844294128125043,1055.02,1556.18,503.57,240.17,2306.95,3671.74
2020-03-13,-233.83,9259.34,4.613848201386902,9.072819638967701,18.890176273579048,8.021537918129864,28.796740895992063,24.844294128125043,1145.21,1688.0,535.35,257.48,2307.45,3559.69
2020-03-16,-233.83,8801.27,4.613848201386902,9.072819638967701,18.890176273579048,8.021537918129864,28.796740895992063,24.844294128125043,1019.89,1485.8,477.42,225.35,2307.7,3518.95
2020-03-17,-233.83,9053.92,4.613848201386902,9.072819638967701,18.890176273579048,8.021537918129864,28.796740895992063,24.844294128125043,1074.96,1598.48,499.08,240.88,2307.7,3566.65
2020-03-18,-233.83,8829.83,4.613848201386902,9.072819638967701,18.890176273579048,8.021537918129864,28.796740895992063,24.844294128125043,1020.53,1549.86,469.39,220.08,2308.21,3495.59
2020-03-19,-233.83,8783.32,4.613848201386902,9.072819638967701,18.890176273579048,8.021537918129864,28.796740895992063,24.844294128125043,1022.7,1559.17,476.29,221.79,2307.7,3429.51
2020-03-20,-233.83,8727.66,4.613848201386902,9.072819638967701,18.890176273579048,8.021537918129864,28.796740895992063,24.844294128125043,978.63,1498.08,471.96,223.43,2308.46,3480.93
2020-03-23,-233.83,8843.61,4.613848201386902,9.072819638967701,18.890176273579048,8.021537918129864,28.796740895992063,24.844294128125043,953.61,1499.17,463.92,218.08,2307.95,3634.72
2020-03-24,-233.83,9280.15,4.613848201386902,9.072819638967701,18.890176273579048,8.021537918129864,28.796740895992063,24.844294128125043,1040.01,1615.26,505.18,234.47,2307.95,3811.11
2020-03-25,-233.83,9258.07,4.613848201386902,9.072819638967701,18.890176273579048,8.021537918129864,28.796740895992063,24.844294128125043,1055.57,1603.3,523.4,242.73,2307.95,3758.94
2020-03-26,-233.83,9483.76,4.613848201386902,9.072819638967701,18.890176273579048,8.021537918129864,28.796740895992063,24.844294128125043,1117.21,1687.73,545.64,251.92,2307.95,3807.14
2020-03-27,-233.83,9336.26,4.613848201386902,9.072819638967701,18.890176273579048,8.021537918129864,28.796740895992063,24.844294128125043,1083.93,1629.68,528.88,237.6,2307.45,3782.54
2020-03-30,-233.83,9462.1,4.613848201386902,9.072819638967701,18.890176273579048,8.021537918129864,28.796740895992063,24.844294128125043,1119.13,1688.96,539.68,241.52,2307.45,3799.19
2020-03-31,-233.83,9309.64,4.613848201386902,9.072819638967701,18.890176273579048,8.021537918129864,28.796740895992063,24.844294128125043,1102.45,1674.53,537.42,243.16,2307.7,3678.2
2020-04-01,-233.83,9189.19,4.613848201386902,9.072819638967701,18.890176273579048,8.021537918129864,28.796740895992063,24.844294128125043,1052.84,1603.38,513.56,232.76,2307.5,3712.98
2020-04-02,-233.83,9324.82,4.613848201386902,9.072819638967701,18.890176273579048,8.021537918129864,28.796740895992063,24.844294128125043,1077.13,1635.92,523.4,240.6,2307.75,3773.85
2020-04-03,-325.46,9288.94,3.82661743502185,9.582451428433613,15.573653015886002,14.148946732086518,29.943392287424707,24.844294128125043,880.43,1703.29,423.0,416.34,2398.86,3792.48
2020-04-06,-325.46,9620.68,3.82661743502185,9.582451428433613,15.573653015886002,14.148946732086518,29.943392287424707,24.844294128125043,939.57,1825.07,445.72,439.08,2399.12,3897.57
2020-04-07,-325.46,9604.29,3.82661743502185,9.582451428433613,15.573653015886002,14.148946732086518,29.943392287424707,24.844294128125043,940.53,1824.33,448.25,441.34,2398.6,3876.7
2020-04-08,-325.46,9649.1,3.82661743502185,9.582451428433613,15.573653015886002,14.148946732086518,29.943392287424707,24.844294128125043,972.1,1863.06,452.5,445.87,2398.86,3842.17
2020-04-09,-325.46,9774.5,3.82661743502185,9.582451428433613,15.573653015886002,14.148946732086518,29.943392287424707,24.844294128125043,986.89,1865.76,462.2,444.24,2398.33,3942.54
2020-04-13,-325.46,9850.66,3.82661743502185,9.582451428433613,15.573653015886002,14.148946732086518,29.943392287424707,24.844294128125043,977.88,1885.91,458.48,444.86,2398.86,4010.12
2020-04-14,-325.46,10011.75,3.82661743502185,9.582451428433613,15.573653015886002,14.148946732086518,29.943392287424707,24.844294128125043,1006.72,1967.93,466.72,455.04,2399.12,4041.67
2020-04-15,-325.46,9920.07,3.82661743502185,9.582451428433613,15.573653015886002,14.148946732086518,29.943392287424707,24.844294128125043,985.33,1945.36,451.57,443.36,2398.86,4021.05
2020-04-16,-325.46,9959.48,3.82661743502185,9.582451428433613,15.573653015886002,14.148946732086518,29.943392287424707,24.844294128125043,990.09,1980.84,452.1,445.74,2398.6,4017.57
2020-04-17,-325.46,9950.38,3.82661743502185,9.582451428433613,15.573653015886002,14.148946732086518,29.943392287424707,24.844294128125043,1016.83,1999.79,464.86,455.67,2399.12,3939.56
2020-04-20,-325.46,9924.03,3.82661743502185,9.582451428433613,15.573653015886002,14.148946732086518,29.943392287424707,24.844294128125043,998.92,1976.11,458.08,449.89,2398.86,3967.63
2020-04-21,-325.46,9771.83,3.82661743502185,9.582451428433613,15.573653015886002,14.148946732086518,29.943392287424707,24.844294128125043,968.59,1903.19,448.65,437.45,2398.86,3940.55
2020-04-22,-325.46,9947.62,3.82661743502185,9.582451428433613,15.573653015886002,14.148946732086518,29.943392287424707,24.844294128125043,990.09,1959.67,457.02,449.39,2398.86,4018.07
2020-04-23,-325.46,9981.2,3.82661743502185,9.582451428433613,15.573653015886002,14.148946732086518,29.943392287424707,24.844294128125043,990.01,1955.49,456.22,447.75,2399.12,4058.07
2020-04-24,-325.46,10012.48,3.82661743502185,9.582451428433613,15.573653015886002,14.148946732086518,29.943392287424707,24.844294128125043,1003.81,1986.32,461.14,447.13,2398.86,4040.68
2020-04-27,-325.46,10031.52,3.82661743502185,9.582451428433613,15.573653015886002,14.148946732086518,29.943392287424707,24.844294128125043,1018.29,2002.3,467.52,456.17,2398.86,4013.84
2020-04-28,-325.46,9975.84,3.82661743502185,9.582451428433613,15.573653015886002,14.148946732086518,29.943392287424707,24.844294128125043,1013.61,1964.59,471.24,457.05,2398.86,3995.96
2020-04-29,-325.46,10119.7,3.82661743502185,9.582451428433613,15.573653015886002,14.148946732086518,29.943392287424707,24.844294128125043,1040.14,2034.26,483.73,470.37,2398.6,4018.07
2020-04-30,-325.46,10017.42,3.82661743502185,9.582451428433613,15.573653015886002,14.148946732086518,29.943392287424707,24.844294128125043,1030.46,2033.42,474.16,460.45,2399.12,3945.27
2020-05-01,-325.46,9929.67,3.82661743502185,9.582451428433613,15.573653015886002,14.148946732086518,29.943392287424707,24.844294128125043,1003.18,1976.11,463.66,443.86,2398.7,3969.62
2020-05-04,-325.46,9974.56,3.82661743502185,9.582451428433613,15.573653015886002,14.148946732086518,29.943392287424707,24.844294128125043,1005.94,1999.14,464.06,448.63,2398.7,3983.53
2020-05-05,-426.89,10027.03,4.204343132765786,10.058408101801712,15.573653015886002,14.148946732086518,28.703855166278988,24.844294128125043,1115.45,2122.23,465.26,451.15,2299.4,4000.43
2020-05-06,-426.89,9977.18,4.204343132765786,10.058408101801712,15.573653015886002,14.148946732086518,28.703855166278988,24.844294128125043,1107.89,2135.3,462.47,449.76,2299.66,3949.0
2020-05-07,-426.89,10089.11,4.204343132765786,10.058408101801712,15.573653015886002,14.148946732086518,28.703855166278988,24.844294128125043,1121.26,2162.79,469.51,453.41,2299.4,4009.62
2020-05-08,-426.89,10130.32,4.204343132765786,10.058408101801712,15.573653015886002,14.148946732086518,28.703855166278988,24.844294128125043,1139.81,2192.43,477.09,462.96,2299.4,3985.52
2020-05-11,-426.89,10122.41,4.204343132765786,10.058408101801712,15.573653015886002,14.148946732086518,28.703855166278988,24.844294128125043,1140.04,2212.03,476.95,459.94,2299.66,3960.68
2020-05-12,-426.89,10060.64,4.204343132765786,10.058408101801712,15.573653015886002,14.148946732086518,28.703855166278988,24.844294128125043,1117.32,2165.72,470.57,458.18,2299.66,3976.08
2020-05-13,-426.89,10047.17,4.204343132765786,10.058408101801712,15.573653015886002,14.148946732086518,28.703855166278988,24.844294128125043,1097.56,2138.61,466.59,457.3,2299.66,4014.34
2020-05-14,-426.89,10118.67,4.204343132765786,10.058408101801712,15.573653015886002,14.148946732086518,28.703855166278988,24.844294128125043,1110.7,2162.89,463.13,459.06,2299.91,4049.87
2020-05-15,-426.89,10154.02,4.204343132765786,10.058408101801712,15.573653015886002,14.148946732086518,28.703855166278988,24.844294128125043,1115.8,2176.93,463.27,452.78,2299.4,4072.72
2020-05-18,-426.89,10233.95,4.204343132765786,10.058408101801712,15.573653015886002,14.148946732086518,28.703855166278988,24.844294128125043,1149.79,2217.49,481.74,470.5,2299.4,4041.92
2020-05-19,-426.89,10246.63,4.204343132765786,10.058408101801712,15.573653015886002,14.148946732086518,28.703855166278988,24.844294128125043,1137.98,2211.93,476.55,466.73,2299.4,4080.92
2020-05-20,-426.89,10334.62,4.204343132765786,10.058408101801712,15.573653015886002,14.148946732086518,28.703855166278988,24.844294128125043,1157.31,2256.1,485.19,472.89,2299.4,4090.61
2020-05-21,-426.89,10231.96,4.204343132765786,10.058408101801712,15.573653015886002,14.148946732086518,28.703855166278988,24.844294128125043,1149.32,2231.53,479.88,467.48,2299.66,4030.99
2020-05-22,-426.89,10254.44,4.204343132765786,10.058408101801712,15.573653015886002,14.148946732086518,28.703855166278988,24.844294128125043,1151.5,2239.23,478.55,457.81,2299.4,4054.84
2020-05-26,-426.89,10229.47,4.204343132765786,10.058408101801712,15.573653015886002,14.148946732086518,28.703855166278988,24.844294128125043,1165.69,2233.19,492.77,467.86,2299.66,3997.2
2020-05-27,-426.89,10272.65,4.204343132765786,10.058408101801712,15.573653015886002,14.148946732086518,28.703855166278988,24.844294128125043,1183.04,2245.38,497.95,469.37,2299.4,4004.4
2020-05-28,-426.89,10281.01,4.204343132765786,10.058408101801712,15.573653015886002,14.148946732086518,28.703855166278988,24.844294128125043,1180.85,2242.45,501.27,466.1,2299.4,4017.82
2020-05-29,-426.89,10356.07,4.204343132765786,10.058408101801712,15.573653015886002,14.148946732086518,28.703855166278988,24.844294128125043,1186.11,2275.31,500.61,474.14,2299.4,4047.38
2020-06-01,-426.89,10408.41,4.204343132765786,10.058408101801712,15.573653015886002,14.148946732086518,28.703855166278988,24.844294128125043,1190.91,2282.13,511.51,485.08,2299.66,4066.02
2020-06-02,-426.89,10424.38,4.204343132765786,10.058408101801712,15.573653015886002,14.148946732086518,28.703855166278988,24.844294128125043,1200.77,2297.44,517.09,496.64,2299.66,4039.68
2020-06-03,-426.89,10399.69,4.204343132765786,10.058408101801712,15.573653015886002,14.148946732086518,28.703855166278988,24.844294128125043,1216.75,2307.78,529.05,508.2,2299.66,3965.15
2020-06-04,-528.07,10411.85,3.8441399886005247,11.875788458701253,12.505010713443195,14.148946732086518,28.703855166278988,24.191137242040977,1109.58,2705.64,422.46,501.04,2299.66,3901.55
2020-06-05,-528.07,10435.84,3.8441399886005247,11.875788458701253,12.505010713443195,14.148946732086518,28.703855166278988,24.191137242040977,1138.02,2759.29,430.78,514.23,2299.15,3822.44
2020-06-08,-528.07,10520.9,3.8441399886005247,11.875788458701253,12.505010713443195,14.148946732086518,28.703855166278988,24.191137242040977,1151.78,2780.7,435.9,517.37,2299.4,3863.81
2020-06-09,-528.07,10560.53,3.8441399886005247,11.875788458701253,12.505010713443195,14.148946732086518,28.703855166278988,24.191137242040977,1143.19,2800.85,430.25,513.86,2299.4,3901.06
2020-06-10,-528.07,10646.92,3.8441399886005247,11.875788458701253,12.505010713443195,14.148946732086518,28.703855166278988,24.191137242040977,1136.81,2834.46,429.5,517.63,2299.66,3956.94
2020-06-11,-528.07,10361.29,3.8441399886005247,11.875788458701253,12.505010713443195,14.148946732086518,28.703855166278988,24.191137242040977,1071.27,2694.02,405.92,490.61,2299.15,3928.4
2020-06-12,-528.07,10418.97,3.8441399886005247,11.875788458701253,12.505010713443195,14.148946732086518,28.703855166278988,24.191137242040977,1084.1,2715.43,412.85,501.04,2299.66,3933.96
2020-06-15,-528.07,10451.84,3.8441399886005247,11.875788458701253,12.505010713443195,14.148946732086518,28.703855166278988,24.191137242040977,1094.22,2748.47,414.13,496.49,2299.66,3926.95
2020-06-16,-528.07,10526.88,3.8441399886005247,11.875788458701253,12.505010713443195,14.148946732086518,28.703855166278988,24.191137242040977,1115.29,2795.67,419.68,499.65,2299.66,3925.01
2020-06-17,-528.07,10544.37,3.8441399886005247,11.875788458701253,12.505010713443195,14.148946732086518,28.703855166278988,24.191137242040977,1110.65,2804.53,420.64,504.45,2299.66,3932.51
2020-06-18,-528.07,10542.74,3.8441399886005247,11.875788458701253,12.505010713443195,14.148946732086518,28.703855166278988,24.191137242040977,1111.08,2812.13,418.72,504.7,2299.4,3924.77
2020-06-19,-528.07,10577.18,3.8441399886005247,11.875788458701253,12.505010713443195,14.148946732086518,28.703855166278988,24.191137242040977,1104.73,2811.67,416.8,504.58,2299.4,3968.07
2020-06-22,-528.07,10654.63,3.8441399886005247,11.875788458701253,12.505010713443195,14.148946732086518,28.703855166278988,24.191137242040977,1111.82,2845.39,421.61,510.77,2299.4,3993.71
2020-06-23,-528.07,10724.56,3.8441399886005247,11.875788458701253,12.505010713443195,14.148946732086518,28.703855166278988,24.191137242040977,1116.94,2869.6,423.64,515.7,2299.4,4027.34
2020-06-24,-528.07,10605.65,3.8441399886005247,11.875788458701253,12.505010713443195,14.148946732086518,28.703855166278988,24.191137242040977,1088.44,2810.45,413.24,508.87,2299.4,4013.31
2020-06-25,-528.07,10649.52,3.8441399886005247,11.875788458701253,12.505010713443195,14.148946732086518,28.703855166278988,24.191137242040977,1100.11,2837.2,418.71,511.02,2299.66,4010.89
2020-06-26,-528.07,10561.52,3.8441399886005247,11.875788458701253,12.505010713443195,14.148946732086518,28.703855166278988,24.191137242040977,1073.98,2770.2,412.38,504.83,2299.4,4028.79
2020-06-29,-528.07,10615.72,3.8441399886005247,11.875788458701253,12.505010713443195,14.148946732086518,28.703855166278988,24.191137242040977,1089.77,2800.41,416.14,507.1,2299.4,4030.97
2020-06-30,-528.07,10700.73,3.8441399886005247,11.875788458701253,12.505010713443195,14.148946732086518,28.703855166278988,24.191137242040977,1103.73,2855.3,416.03,505.46,2299.4,4048.87
2020-07-01,-528.07,10730.72,3.8441399886005247,11.875788458701253,12.505010713443195,14.148946732086518,28.703855166278988,24.191137242040977,1111.46,2888.63,417.42,511.15,2299.4,4030.73
2020-07-02,-528.07,10781.22,3.8441399886005247,11.875788458701253,12.505010713443195,14.148946732086518,28.703855166278988,24.191137242040977,1117.58,2908.24,421.61,522.78,2299.66,4039.44
2020-07-06,-531.88,10923.48,3.4750352904280706,12.313977863043744,9.322228206468152,17.053212676971185,28.703855166278988,24.191137242040977,1025.87,3089.68,319.58,657.2,2299.4,4063.63
2020-07-07,-531.88,10901.89,3.4750352904280706,12.313977863043744,9.322228206468152,17.053212676971185,28.703855166278988,24.191137242040977,1015.29,3068.39,315.18,646.23,2299.4,4089.27
2020-07-08,-531.88,10994.79,3.4750352904280706,12.313977863043744,9.322228206468152,17.053212676971185,28.703855166278988,24.191137242040977,1023.05,3108.81,317.74,662.99,2299.4,4114.67
2020-07-09,-531.88,11000.34,3.4750352904280706,12.313977863043744,9.322228206468152,17.053212676971185,28.703855166278988,24.191137242040977,1017.23,3135.0,314.06,662.99,2299.4,4103.54
2020-07-10,-531.88,11020.43,3.4750352904280706,12.313977863043744,9.322228206468152,17.053212676971185,28.703855166278988,24.191137242040977,1027.62,3156.4,317.02,658.72,2299.66,4092.9
2020-07-13,-531.88,10945.59,3.4750352904280706,12.313977863043744,9.322228206468152,17.053212676971185,28.703855166278988,24.191137242040977,1018.72,3091.47,315.34,654.31,2299.66,4097.98
2020-07-14,-531.88,11005.09,3.4750352904280706,12.313977863043744,9.322228206468152,17.053212676971185,28.703855166278988,24.191137242040977,1031.92,3113.35,319.74,655.22,2299.66,4117.09
2020-07-15,-531.88,11030.12,3.4750352904280706,12.313977863043744,9.322228206468152,17.053212676971185,28.703855166278988,24.191137242040977,1041.4,3119.69,323.33,657.2,2299.66,4120.72
2020-07-16,-531.88,10954.91,3.4750352904280706,12.313977863043744,9.322228206468152,17.053212676971185,28.703855166278988,24.191137242040977,1037.97,3098.41,321.33,647.91,2299.4,4081.77
2020-07-17,-531.88,11000.64,3.4750352904280706,12.313977863043744,9.322228206468152,17.053212676971185,28.703855166278988,24.191137242040977,1040.98,3102.0,322.93,651.56,2299.66,4115.4
2020-07-20,-531.88,11127.12,3.4750352904280706,12.313977863043744,9.322228206468152,17.053212676971185,28.703855166278988,24.191137242040977,1049.39,3190.0,324.77,659.94,2299.66,4135.23
2020-07-21,-531.88,11153.31,3.4750352904280706,12.313977863043744,9.322228206468152,17.053212676971185,28.703855166278988,24.191137242040977,1051.62,3156.76,326.05,666.04,2299.66,4185.07
2020-07-22,-531.88,11231.78,3.4750352904280706,12.313977863043744,9.322228206468152,17.053212676971185,28.703855166278988,24.191137242040977,1057.61,3167.88,326.93,663.14,2299.4,4248.69
2020-07-23,-531.88,11166.11,3.4750352904280706,12.313977863043744,9.322228206468152,17.053212676971185,28.703855166278988,24.191137242040977,1044.99,3085.13,324.21,657.81,2299.66,4286.19
2020-07-24,-531.88,11164.4,3.4750352904280706,12.313977863043744,9.322228206468152,17.053212676971185,28.703855166278988,24.191137242040977,1038.26,3055.84,322.61,657.2,2299.4,4322.96
2020-07-27,-531.88,11326.57,3.4750352904280706,12.313977863043744,9.322228206468152,17.053212676971185,28.703855166278988,24.191137242040977,1045.83,3110.37,327.09,667.41,2299.4,4408.35
2020-07-28,-531.88,11310.38,3.4750352904280706,12.313977863043744,9.322228206468152,17.053212676971185,28.703855166278988,24.191137242040977,1039.2,3070.79,325.57,661.92,2299.66,4445.12
2020-07-29,-531.88,11406.04,3.4750352904280706,12.313977863043744,9.322228206468152,17.053212676971185,28.703855166278988,24.191137242040977,1051.98,3106.18,329.01,672.59,2299.66,4478.51
2020-07-30,-531.88,11372.23,3.4750352904280706,12.313977863043744,9.322228206468152,17.053212676971185,28.703855166278988,24.191137242040977,1048.23,3122.44,324.61,664.06,2299.4,4445.36
2020-07-31,-531.88,11465.99,3.4750352904280706,12.313977863043744,9.322228206468152,17.053212676971185,28.703855166278988,24.191137242040977,1056.51,3178.16,318.3,659.49,2299.66,4485.76
2020-08-03,-531.88,11531.18,3.4750352904280706,12.313977863043744,9.322228206468152,17.053212676971185,28.703855166278988,24.191137242040977,1063.86,3221.09,323.81,664.06,2299.4,4490.84
2020-08-04,-535.6,11654.45,3.100503832644407,11.875641884764793,6.021288422871571,22.942229823417264,28.703855166278988,24.80878401236653,952.86,3117.96,210.81,905.26,2299.66,4703.5
2020-08-05,-535.6,11722.48,3.100503832644407,11.875641884764793,6.021288422871571,22.942229823417264,28.703855166278988,24.80878401236653,958.78,3125.69,211.94,915.1,2299.4,4747.16
2020-08-06,-535.6,11836.63,3.100503832644407,11.875641884764793,6.021288422871571,22.942229823417264,28.703855166278988,24.80878401236653,965.19,3167.09,212.41,917.97,2299.4,4810.18
2020-08-07,-535.6,11704.88,3.100503832644407,11.875641884764793,6.021288422871571,22.942229823417264,28.703855166278988,24.80878401236653,965.88,3130.53,211.53,899.12,2299.66,4733.76
2020-08-10,-535.6,11681.09,3.100503832644407,11.875641884764793,6.021288422871571,22.942229823417264,28.703855166278988,24.80878401236653,968.77,3117.16,212.35,901.37,2299.66,4717.39
2020-08-11,-535.6,11358.92,3.100503832644407,11.875641884764793,6.021288422871571,22.942229823417264,28.703855166278988,24.80878401236653,960.77,3058.11,213.23,898.91,2299.4,4464.09
2020-08-12,-535.6,11444.72,3.100503832644407,11.875641884764793,6.021288422871571,22.942229823417264,28.703855166278988,24.80878401236653,974.17,3135.03,217.47,911.0,2299.4,4443.25
2020-08-13,-535.6,11551.71,3.100503832644407,11.875641884764793,6.021288422871571,22.942229823417264,28.703855166278988,24.80878401236653,972.41,3142.18,216.54,908.34,2299.66,4548.19
2020-08-14,-535.6,11525.22,3.100503832644407,11.875641884764793,6.021288422871571,22.942229823417264,28.703855166278988,24.80878401236653,972.44,3138.49,215.19,906.7,2299.4,4528.6
2020-08-17,-535.6,11676.12,3.100503832644407,11.875641884764793,6.021288422871571,22.942229823417264,28.703855166278988,24.80878401236653,975.52,3174.93,216.85,918.18,2299.4,4626.84
2020-08-18,-535.6,11749.64,3.100503832644407,11.875641884764793,6.021288422871571,22.942229823417264,28.703855166278988,24.80878401236653,977.63,3205.49,216.8,917.15,2299.66,4668.52
2020-08-19,-535.6,11564.18,3.100503832644407,11.875641884764793,6.021288422871571,22.942229823417264,28.703855166278988,24.80878401236653,973.56,3183.92,215.61,905.88,2299.66,4521.15
2020-08-20,-535.6,11639.1,3.100503832644407,11.875641884764793,6.021288422871571,22.942229823417264,28.703855166278988,24.80878401236653,976.59,3228.09,214.94,903.01,2299.66,4552.41
2020-08-21,-535.6,11631.84,3.100503832644407,11.875641884764793,6.021288422871571,22.942229823417264,28.703855166278988,24.80878401236653,980.06,3250.46,213.8,907.52,2299.66,4515.94
2020-08-24,-535.6,11649.13,3.100503832644407,11.875641884764793,6.021288422871571,22.942229823417264,28.703855166278988,24.80878401236653,989.99,3270.76,216.38,917.56,2299.66,4490.39
2020-08-25,-535.6,11693.21,3.100503832644407,11.875641884764793,6.021288422871571,22.942229823417264,28.703855166278988,24.80878401236653,993.45,3296.47,216.85,926.78,2299.4,4495.85
2020-08-26,-535.6,11830.66,3.100503832644407,11.875641884764793,6.021288422871571,22.942229823417264,28.703855166278988,24.80878401236653,1003.41,3366.82,218.45,929.24,2299.4,4548.94
2020-08-27,-535.6,11759.76,3.100503832644407,11.875641884764793,6.021288422871571,22.942229823417264,28.703855166278988,24.80878401236653,1005.61,3356.32,216.23,921.45,2299.4,4496.34
2020-08-28,-535.6,11875.31,3.100503832644407,11.875641884764793,6.021288422871571,22.942229823417264,28.703855166278988,24.80878401236653,1012.1,3373.39,217.73,933.55,2299.66,4574.49
2020-08-31,-535.6,11887.46,3.100503832644407,11.875641884764793,6.021288422871571,22.942229823417264,28.703855166278988,24.80878401236653,1008.44,3400.49,216.23,912.85,2299.66,4585.41
2020-09-01,-535.6,11976.43,3.100503832644407,11.875641884764793,6.021288422871571,22.942229823417264,28.703855166278988,24.80878401236653,1017.93,3458.61,216.54,928.42,2299.66,4590.87
2020-09-02,-548.07,11963.78,3.462581784880177,13.916507680427927,2.7157270924595323,20.004721625326866,28.703855166278988,22.239216038634325,1153.25,4091.36,98.85,807.4,2299.66,4061.33
2020-09-03,-548.07,11665.89,3.462581784880177,13.916507680427927,2.7157270924595323,20.004721625326866,28.703855166278988,22.239216038634325,1113.56,3883.93,96.61,792.03,2299.4,4028.41
2020-09-04,-548.07,11616.95,3.462581784880177,13.916507680427927,2.7157270924595323,20.004721625326866,28.703855166278988,22.239216038634325,1104.47,3832.17,96.8,792.39,2299.66,4039.53
2020-09-08,-548.07,11379.85,3.462581784880177,13.916507680427927,2.7157270924595323,20.004721625326866,28.703855166278988,22.239216038634325,1074.29,3647.98,95.61,778.63,2299.66,4031.75
2020-09-09,-548.07,11560.39,3.462581784880177,13.916507680427927,2.7157270924595323,20.004721625326866,28.703855166278988,22.239216038634325,1095.51,3755.15,97.27,790.25,2299.4,4070.89
2020-09-10,-548.07,11439.62,3.462581784880177,13.916507680427927,2.7157270924595323,20.004721625326866,28.703855166278988,22.239216038634325,1076.49,3680.28,96.2,777.56,2299.4,4057.77
2020-09-11,-548.07,11422.55,3.462581784880177,13.916507680427927,2.7157270924595323,20.004721625326866,28.703855166278988,22.239216038634325,1077.03,3654.74,97.08,785.07,2299.15,4057.54
2020-09-14,-548.07,11546.25,3.462581784880177,13.916507680427927,2.7157270924595323,20.004721625326866,28.703855166278988,22.239216038634325,1091.22,3718.39,97.73,797.75,2299.66,4089.57
2020-09-15,-548.07,11603.18,3.462581784880177,13.916507680427927,2.7157270924595323,20.004721625326866,28.703855166278988,22.239216038634325,1096.73,3771.09,98.34,806.15,2299.15,4079.78
2020-09-16,-548.07,11549.69,3.462581784880177,13.916507680427927,2.7157270924595323,20.004721625326866,28.703855166278988,22.239216038634325,1092.38,3710.96,98.34,805.08,2299.66,4091.35
2020-09-17,-548.07,11456.57,3.462581784880177,13.916507680427927,2.7157270924595323,20.004721625326866,28.703855166278988,22.239216038634325,1082.77,3652.98,98.48,801.86,2299.66,4068.89
2020-09-18,-548.07,11395.36,3.462581784880177,13.916507680427927,2.7157270924595323,20.004721625326866,28.703855166278988,22.239216038634325,1070.31,3606.36,97.78,795.61,2299.15,4074.22
2020-09-21,-548.07,11300.55,3.462581784880177,13.916507680427927,2.7157270924595323,20.004721625326866,28.703855166278988,22.239216038634325,1058.39,3615.01,95.39,788.28,2299.15,3992.38
2020-09-22,-548.07,11353.22,3.462581784880177,13.916507680427927,2.7157270924595323,20.004721625326866,28.703855166278988,22.239216038634325,1069.17,3682.17,95.37,782.38,2299.15,3973.04
2020-09-23,-548.07,11117.01,3.462581784880177,13.916507680427927,2.7157270924595323,20.004721625326866,28.703855166278988,22.239216038634325,1044.38,3569.74,94.39,770.23,2299.15,3887.19
2020-09-24,-548.07,11147.41,3.462581784880177,13.916507680427927,2.7157270924595323,20.004721625326866,28.703855166278988,22.239216038634325,1047.16,3586.36,94.25,766.66,2299.4,3901.65
2020-09-25,-548.07,11237.41,3.462581784880177,13.916507680427927,2.7157270924595323,20.004721625326866,28.703855166278988,22.239216038634325,1064.09,3669.74,94.6,767.37,2299.15,3890.53
2020-09-28,-548.07,11380.82,3.462581784880177,13.916507680427927,2.7157270924595323,20.004721625326866,28.703855166278988,22.239216038634325,1081.77,3745.96,96.14,775.95,2299.4,3929.67
2020-09-29,-548.07,11390.5,3.462581784880177,13.916507680427927,2.7157270924595323,20.004721625326866,28.703855166278988,22.239216038634325,1075.87,3729.07,96.0,775.41,2299.4,3962.81
2020-09-30,-548.07,11412.42,3.462581784880177,13.916507680427927,2.7157270924595323,20.004721625326866,28.703855166278988,22.239216038634325,1084.03,3754.61,95.77,787.92,2299.15,3939.01
2020-10-01,-548.07,11522.0,3.462581784880177,13.916507680427927,2.7157270924595323,20.004721625326866,28.703855166278988,22.239216038634325,1090.99,3814.2,96.33,795.25,2299.15,3974.15
2020-10-02,-438.04,11391.56,3.10037506391893,13.500113535885756,2.7157270924595323,20.004721625326866,28.703855166278988,22.877851871705836,967.59,3595.99,96.12,786.14,2299.15,4084.61
2020-10-05,-438.04,11517.36,3.10037506391893,13.500113535885756,2.7157270924595323,20.004721625326866,28.703855166278988,22.877851871705836,984.75,3672.68,97.62,796.68,2299.15,4104.52
2020-10-06,-438.04,11390.21,3.10037506391893,13.500113535885756,2.7157270924595323,20.004721625326866,28.703855166278988,22.877851871705836,970.75,3607.13,96.61,798.11,2299.4,4056.24
2020-10-07,-438.04,11477.1,3.10037506391893,13.500113535885756,2.7157270924595323,20.004721625326866,28.703855166278988,22.877851871705836,987.65,3669.53,97.52,806.87,2299.15,4054.41
2020-10-08,-438.04,11527.13,3.10037506391893,13.500113535885756,2.7157270924595323,20.004721625326866,28.703855166278988,22.877851871705836,996.4,3689.06,98.25,813.48,2299.15,4068.83
2020-10-09,-438.04,11672.49,3.10037506391893,13.500113535885756,2.7157270924595323,20.004721625326866,28.703855166278988,22.877851871705836,1005.3,3745.43,98.91,819.02,2299.15,4142.72
2020-10-12,-438.04,11800.28,3.10037506391893,13.500113535885756,2.7157270924595323,20.004721625326866,28.703855166278988,22.877851871705836,1021.47,3861.06,99.4,826.17,2299.4,4130.82
2020-10-13,-438.04,11723.77,3.10037506391893,13.500113535885756,2.7157270924595323,20.004721625326866,28.703855166278988,22.877851871705836,1014.81,3860.93,98.3,822.77,2299.15,4065.85
2020-10-14,-438.04,11691.97,3.10037506391893,13.500113535885756,2.7157270924595323,20.004721625326866,28.703855166278988,22.877851871705836,1008.43,3828.68,98.09,817.23,2299.15,4078.43
2020-10-15,-438.04,11672.93,3.10037506391893,13.500113535885756,2.7157270924595323,20.004721625326866,28.703855166278988,22.877851871705836,1007.18,3802.98,97.01,811.34,2299.15,4093.31
2020-10-16,-438.04,11640.71,3.10037506391893,13.500113535885756,2.7157270924595323,20.004721625326866,28.703855166278988,22.877851871705836,1006.58,3782.14,97.31,814.19,2299.4,4079.12
2020-10-19,-438.04,11562.97,3.10037506391893,13.500113535885756,2.7157270924595323,20.004721625326866,28.703855166278988,22.877851871705836,991.27,3720.39,96.89,811.87,2299.4,4081.18
2020-10-20,-438.04,11603.84,3.10037506391893,13.500113535885756,2.7157270924595323,20.004721625326866,28.703855166278988,22.877851871705836,995.24,3728.39,97.43,820.81,2299.15,4100.85
2020-10-21,-438.04,11631.95,3.10037506391893,13.500113535885756,2.7157270924595323,20.004721625326866,28.703855166278988,22.877851871705836,993.36,3725.51,97.1,823.13,2299.15,4131.74
2020-10-22,-438.04,11596.94,3.10037506391893,13.500113535885756,2.7157270924595323,20.004721625326866,28.703855166278988,22.877851871705836,998.81,3725.38,97.2,822.95,2299.4,4091.25
2020-10-23,-438.04,11608.69,3.10037506391893,13.500113535885756,2.7157270924595323,20.004721625326866,28.703855166278988,22.877851871705836,1002.2,3732.72,97.73,827.78,2299.4,4086.9
2020-10-26,-438.04,11519.59,3.10037506391893,13.500113535885756,2.7157270924595323,20.004721625326866,28.703855166278988,22.877851871705836,983.68,3676.74,95.91,817.05,2299.4,4084.84
2020-10-27,-438.04,11558.25,3.10037506391893,13.500113535885756,2.7157270924595323,20.004721625326866,28.703855166278988,22.877851871705836,980.29,3705.45,95.18,820.63,2299.15,4095.59
2020-10-28,-438.04,11290.83,3.10037506391893,13.500113535885756,2.7157270924595323,20.004721625326866,28.703855166278988,22.877851871705836,946.78,3560.99,92.4,800.08,2299.15,4029.48
2020-10-29,-438.04,11354.76,3.10037506391893,13.500113535885756,2.7157270924595323,20.004721625326866,28.703855166278988,22.877851871705836,956.4,3623.26,92.84,808.12,2299.4,4012.78
2020-10-30,-438.04,11261.61,3.10037506391893,13.500113535885756,2.7157270924595323,20.004721625326866,28.703855166278988,22.877851871705836,946.43,3531.36,92.37,799.0,2299.4,4031.08
2020-11-02,-325.1,11330.64,3.10037506391893,12.631946426678384,-3.960784434260366,25.6905170294827,28.703855166278988,23.52227638274703,957.04,3311.63,-136.36,1039.18,2299.4,4184.85
2020-11-03,-325.1,11429.68,3.10037506391893,12.631946426678384,-3.960784434260366,25.6905170294827,28.703855166278988,23.52227638274703,973.94,3368.91,-139.84,1043.77,2299.4,4208.61
2020-11-04,-325.1,11630.61,3.10037506391893,12.631946426678384,-3.960784434260366,25.6905170294827,28.703855166278988,23.52227638274703,995.71,3519.29,-141.28,1076.59,2299.15,4206.25
2020-11-05,-325.1,11853.66,3.10037506391893,12.631946426678384,-3.960784434260366,25.6905170294827,28.703855166278988,23.52227638274703,1015.13,3611.04,-144.69,1094.95,2299.4,4302.93
2020-11-06,-325.1,11866.73,3.10037506391893,12.631946426678384,-3.960784434260366,25.6905170294827,28.703855166278988,23.52227638274703,1014.89,3613.74,-145.0,1100.0,2299.15,4309.05
2020-11-09,-325.1,11618.74,3.10037506391893,12.631946426678384,-3.960784434260366,25.6905170294827,28.703855166278988,23.52227638274703,1027.65,3539.9,-148.96,1107.57,2299.4,4118.28
2020-11-10,-325.1,11553.49,3.10037506391893,12.631946426678384,-3.960784434260366,25.6905170294827,28.703855166278988,23.52227638274703,1026.14,3476.48,-150.06,1094.95,2299.15,4131.92
2020-11-11,-325.1,11626.86,3.10037506391893,12.631946426678384,-3.960784434260366,25.6905170294827,28.703855166278988,23.52227638274703,1033.76,3554.25,-151.32,1102.06,2299.15,4114.05
2020-11-12,-325.1,11619.0,3.10037506391893,12.631946426678384,-3.960784434260366,25.6905170294827,28.703855166278988,23.52227638274703,1023.73,3537.57,-149.13,1093.8,2299.15,4138.98
2020-11-13,-325.1,11705.95,3.10037506391893,12.631946426678384,-3.960784434260366,25.6905170294827,28.703855166278988,23.52227638274703,1037.91,3568.6,-151.25,1109.18,2299.4,4167.21
2020-11-16,-325.1,11758.33,3.10037506391893,12.631946426678384,-3.960784434260366,25.6905170294827,28.703855166278988,23.52227638274703,1050.86,3596.45,-153.2,1122.95,2299.4,4166.97
2020-11-17,-325.1,11724.91,3.10037506391893,12.631946426678384,-3.960784434260366,25.6905170294827,28.703855166278988,23.52227638274703,1045.21,3585.04,-153.13,1121.8,2299.4,4151.68
2020-11-18,-325.1,11658.99,3.10037506391893,12.631946426678384,-3.960784434260366,25.6905170294827,28.703855166278988,23.52227638274703,1032.63,3558.54,-152.31,1117.9,2299.4,4127.92
2020-11-19,-325.1,11684.34,3.10037506391893,12.631946426678384,-3.960784434260366,25.6905170294827,28.703855166278988,23.52227638274703,1036.98,3586.39,-153.23,1119.74,2299.4,4120.16
2020-11-20,-325.1,11670.86,3.10037506391893,12.631946426678384,-3.960784434260366,25.6905170294827,28.703855166278988,23.52227638274703,1029.88,3561.86,-153.74,1125.93,2299.4,4132.63
2020-11-23,-325.1,11598.65,3.10037506391893,12.631946426678384,-3.960784434260366,25.6905170294827,28.703855166278988,23.52227638274703,1036.05,3561.98,-153.85,1128.92,2299.4,4051.24
2020-11-24,-325.1,11615.98,3.10037506391893,12.631946426678384,-3.960784434260366,25.6905170294827,28.703855166278988,23.52227638274703,1052.75,3612.02,-156.31,1144.06,2299.4,3989.14
2020-11-25,-325.1,11628.3,3.10037506391893,12.631946426678384,-3.960784434260366,25.6905170294827,28.703855166278988,23.52227638274703,1051.12,3634.22,-156.0,1137.64,2299.15,3987.26
2020-11-27,-325.1,11634.2,3.10037506391893,12.631946426678384,-3.960784434260366,25.6905170294827,28.703855166278988,23.52227638274703,1054.05,3667.71,-157.09,1148.42,2299.4,3946.8
2020-11-30,-325.1,11583.46,3.10037506391893,12.631946426678384,-3.960784434260366,25.6905170294827,28.703855166278988,23.52227638274703,1049.38,3675.19,-153.98,1118.36,2299.15,3920.46
2020-12-01,-325.1,11743.15,3.10037506391893,12.631946426678384,-3.960784434260366,25.6905170294827,28.703855166278988,23.52227638274703,1060.86,3722.3,-157.3,1140.39,2298.98,4003.02
2020-12-02,-324.36,11781.89,2.4233201495512544,13.811232348409693,-1.0440082821751702,25.6905170294827,27.25760283632985,22.841616774883928,830.94,4075.03,-41.52,1142.0,2183.38,3916.42
2020-12-03,-324.36,11831.2,2.4233201495512544,13.811232348409693,-1.0440082821751702,25.6905170294827,27.25760283632985,22.841616774883928,830.71,4080.8,-41.67,1155.08,2183.38,3947.26
2020-12-04,-324.36,11855.56,2.4233201495512544,13.811232348409693,-1.0440082821751702,25.6905170294827,27.25760283632985,22.841616774883928,837.87,4097.43,-42.07,1167.01,2183.62,3936.07
2020-12-07,-324.36,11935.58,2.4233201495512544,13.811232348409693,-1.0440082821751702,25.6905170294827,27.25760283632985,22.841616774883928,836.15,4120.63,-41.77,1167.01,2183.14,3994.77
2020-12-08,-324.36,11966.27,2.4233201495512544,13.811232348409693,-1.0440082821751702,25.6905170294827,27.25760283632985,22.841616774883928,838.59,4134.58,-41.87,1167.47,2183.14,4008.7
2020-12-09,-324.36,11786.45,2.4233201495512544,13.811232348409693,-1.0440082821751702,25.6905170294827,27.25760283632985,22.841616774883928,831.07,4040.97,-41.92,1157.37,2183.14,3940.18
2020-12-10,-324.36,11809.7,2.4233201495512544,13.811232348409693,-1.0440082821751702,25.6905170294827,27.25760283632985,22.841616774883928,830.8,4057.19,-42.01,1172.29,2183.14,3932.64
2020-12-11,-324.36,11799.17,2.4233201495512544,13.811232348409693,-1.0440082821751702,25.6905170294827,27.25760283632985,22.841616774883928,829.83,4048.21,-41.87,1164.03,2183.38,3939.95
2020-12-14,-324.36,11796.83,2.4233201495512544,13.811232348409693,-1.0440082821751702,25.6905170294827,27.25760283632985,22.841616774883928,826.11,4077.58,-41.88,1157.98,2183.14,3918.25
2020-12-15,-324.36,11918.46,2.4233201495512544,13.811232348409693,-1.0440082821751702,25.6905170294827,27.25760283632985,22.841616774883928,837.28,4121.17,-42.33,1170.5,2183.14,3973.07
2020-12-16,-324.36,11970.03,2.4233201495512544,13.811232348409693,-1.0440082821751702,25.6905170294827,27.25760283632985,22.841616774883928,838.59,4143.83,-42.48,1176.06,2183.38,3995.0
2020-12-17,-324.36,12051.21,2.4233201495512544,13.811232348409693,-1.0440082821751702,25.6905170294827,27.25760283632985,22.841616774883928,843.28,4170.92,-42.76,1183.72,2183.38,4037.03
2020-12-18,-324.36,12027.25,2.4233201495512544,13.811232348409693,-1.0440082821751702,25.6905170294827,27.25760283632985,22.841616774883928,839.92,4158.32,-42.51,1182.32,2183.38,4030.17
2020-12-21,-324.36,11986.76,2.4233201495512544,13.811232348409693,-1.0440082821751702,25.6905170294827,27.25760283632985,22.841616774883928,836.91,4150.54,-42.03,1164.93,2183.38,4017.38
2020-12-22,-324.36,11955.75,2.4233201495512544,13.811232348409693,-1.0440082821751702,25.6905170294827,27.25760283632985,22.841616774883928,835.5,4161.82,-41.89,1155.66,2183.38,3985.63
2020-12-23,-324.36,11973.15,2.4233201495512544,13.811232348409693,-1.0440082821751702,25.6905170294827,27.25760283632985,22.841616774883928,836.25,4140.86,-42.36,1167.48,2183.14,4012.13
2020-12-24,-324.36,12005.69,2.4233201495512544,13.811232348409693,-1.0440082821751702,25.6905170294827,27.25760283632985,22.841616774883928,839.51,4159.13,-42.47,1162.38,2183.38,4028.12
2020-12-28,-324.36,12043.19,2.4233201495512544,13.811232348409693,-1.0440082821751702,25.6905170294827,27.25760283632985,22.841616774883928,846.72,4201.05,-42.74,1165.63,2183.38,4013.5
2020-12-29,-324.36,12077.01,2.4233201495512544,13.811232348409693,-1.0440082821751702,25.6905170294827,27.25760283632985,22.841616774883928,845.1,4204.82,-43.07,1183.02,2183.38,4028.12
2020-12-30,-324.36,12124.62,2.4233201495512544,13.811232348409693,-1.0440082821751702,25.6905170294827,27.25760283632985,22.841616774883928,846.31,4204.95,-43.16,1198.79,2183.14,4058.96
2020-12-31,-324.36,12154.18,2.4233201495512544,13.811232348409693,-1.0440082821751702,25.6905170294827,27.25760283632985,22.841616774883928,850.61,4215.3,-42.87,1198.09,2183.38,4074.03
2021-01-04,-448.35,12181.04,2.4233201495512544,13.811232348409693,1.9084853246205866,23.09065203779781,27.25760283632985,23.52140039564311,839.03,4155.78,78.82,1083.72,2183.38,4288.66
2021-01-05,-448.35,12260.49,2.4233201495512544,13.811232348409693,1.9084853246205866,23.09065203779781,27.25760283632985,23.52140039564311,844.81,4190.04,79.72,1109.77,2183.14,4301.36
2021-01-06,-448.35,12129.36,2.4233201495512544,13.811232348409693,1.9084853246205866,23.09065203779781,27.25760283632985,23.52140039564311,849.86,4132.0,80.58,1100.4,2183.38,4231.5
2021-01-07,-448.35,12242.72,2.4233201495512544,13.811232348409693,1.9084853246205866,23.09065203779781,27.25760283632985,23.52140039564311,862.49,4231.96,80.81,1110.82,2183.38,4221.62
2021-01-08,-448.35,12187.54,2.4233201495512544,13.811232348409693,1.9084853246205866,23.09065203779781,27.25760283632985,23.52140039564311,867.4,4286.37,81.58,1140.2,2183.14,4077.2
2021-01-11,-448.35,12095.51,2.4233201495512544,13.811232348409693,1.9084853246205866,23.09065203779781,27.25760283632985,23.52140039564311,861.55,4224.43,80.51,1124.78,2183.38,4069.2
2021-01-12,-448.35,12126.51,2.4233201495512544,13.811232348409693,1.9084853246205866,23.09065203779781,27.25760283632985,23.52140039564311,861.73,4217.71,80.9,1135.83,2183.14,4095.55
2021-01-13,-448.35,12142.02,2.4233201495512544,13.811232348409693,1.9084853246205866,23.09065203779781,27.25760283632985,23.52140039564311,864.06,4246.2,80.75,1138.33,2183.14,4077.91
2021-01-14,-448.35,12125.66,2.4233201495512544,13.811232348409693,1.9084853246205866,23.09065203779781,27.25760283632985,23.52140039564311,861.03,4223.49,81.36,1148.96,2183.38,4075.79
2021-01-15,-448.35,12017.78,2.4233201495512544,13.811232348409693,1.9084853246205866,23.09065203779781,27.25760283632985,23.52140039564311,854.75,4190.04,80.05,1132.7,2183.38,4025.22
2021-01-19,-448.35,12139.06,2.4233201495512544,13.811232348409693,1.9084853246205866,23.09065203779781,27.25760283632985,23.52140039564311,861.46,4251.17,80.61,1151.46,2183.38,4059.32
2021-01-20,-448.35,12336.79,2.4233201495512544,13.811232348409693,1.9084853246205866,23.09065203779781,27.25760283632985,23.52140039564311,873.38,4350.06,81.23,1171.67,2183.38,4125.42
2021-01-21,-448.35,12372.06,2.4233201495512544,13.811232348409693,1.9084853246205866,23.09065203779781,27.25760283632985,23.52140039564311,874.18,4384.85,81.41,1173.76,2183.38,4122.83
2021-01-22,-448.35,12312.86,2.4233201495512544,13.811232348409693,1.9084853246205866,23.09065203779781,27.25760283632985,23.52140039564311,871.09,4372.22,80.85,1163.54,2183.14,4090.37
2021-01-25,-448.35,12364.91,2.4233201495512544,13.811232348409693,1.9084853246205866,23.09065203779781,27.25760283632985,23.52140039564311,874.52,4408.37,80.8,1172.3,2183.38,4093.9
2021-01-26,-448.35,12351.13,2.4233201495512544,13.811232348409693,1.9084853246205866,23.09065203779781,27.25760283632985,23.52140039564311,873.16,4414.81,80.83,1163.75,2183.14,4083.79
2021-01-27,-448.35,12146.65,2.4233201495512544,13.811232348409693,1.9084853246205866,23.09065203779781,27.25760283632985,23.52140039564311,851.82,4291.74,78.94,1131.45,2183.14,4057.91
2021-01-28,-448.35,12191.91,2.4233201495512544,13.811232348409693,1.9084853246205866,23.09065203779781,27.25760283632985,23.52140039564311,859.14,4317.14,79.55,1139.37,2183.38,4061.68
2021-01-29,-448.35,12052.15,2.4233201495512544,13.811232348409693,1.9084853246205866,23.09065203779781,27.25760283632985,23.52140039564311,841.94,4226.31,77.81,1111.02,2183.38,4060.03
2021-02-01,-448.35,12240.98,2.4233201495512544,13.811232348409693,1.9084853246205866,23.09065203779781,27.25760283632985,23.52140039564311,855.96,4331.92,78.9,1141.04,2183.38,4098.13
2021-02-02,-448.35,12289.33,2.4233201495512544,13.811232348409693,1.9084853246205866,23.09065203779781,27.25760283632985,23.52140039564311,868.06,4402.59,79.78,1155.83,2183.14,4048.27
2021-02-03,-453.25,12272.46,1.056417914155598,13.811232348409693,-3.9477307792188987,45.0996297579902,25.72925687191558,22.09894069199937,378.72,4385.12,-165.48,2268.92,2060.73,3797.7
2021-02-04,-453.25,12247.83,1.056417914155598,13.811232348409693,-3.9477307792188987,45.0996297579902,25.72925687191558,22.09894069199937,383.02,4436.98,-165.55,2269.73,2060.96,3715.94
2021-02-05,-453.25,12319.37,1.056417914155598,13.811232348409693,-3.9477307792188987,45.0996297579902,25.72925687191558,22.09894069199937,384.53,4452.03,-166.79,2289.27,2060.96,3752.62
2021-02-08,-453.25,12392.77,1.056417914155598,13.811232348409693,-3.9477307792188987,45.0996297579902,25.72925687191558,22.09894069199937,387.31,4481.86,-167.85,2293.34,2060.96,3790.41
2021-02-09,-453.25,12427.41,1.056417914155598,13.811232348409693,-3.9477307792188987,45.0996297579902,25.72925687191558,22.09894069199937,387.05,4480.92,-168.81,2317.76,2060.96,3802.79
2021-02-10,-453.25,12439.25,1.056417914155598,13.811232348409693,-3.9477307792188987,45.0996297579902,25.72925687191558,22.09894069199937,386.88,4470.71,-168.43,2325.91,2060.73,3816.71
2021-02-11,-453.25,12455.27,1.056417914155598,13.811232348409693,-3.9477307792188987,45.0996297579902,25.72925687191558,22.09894069199937,387.51,4495.29,-169.53,2350.74,2060.96,3783.56
2021-02-12,-453.25,12471.84,1.056417914155598,13.811232348409693,-3.9477307792188987,45.0996297579902,25.72925687191558,22.09894069199937,389.42,4520.42,-170.32,2352.77,2060.73,3772.07
2021-02-16,-453.25,12410.03,1.056417914155598,13.811232348409693,-3.9477307792188987,45.0996297579902,25.72925687191558,22.09894069199937,389.08,4508.19,-171.35,2358.47,2060.96,3717.93
2021-02-17,-453.25,12348.15,1.056417914155598,13.811232348409693,-3.9477307792188987,45.0996297579902,25.72925687191558,22.09894069199937,389.17,4486.56,-170.29,2359.28,2060.96,3675.72
2021-02-18,-453.25,12294.97,1.056417914155598,13.811232348409693,-3.9477307792188987,45.0996297579902,25.72925687191558,22.09894069199937,387.52,4466.95,-169.19,2326.72,2060.73,3675.5
2021-02-19,-453.25,12304.55,1.056417914155598,13.811232348409693,-3.9477307792188987,45.0996297579902,25.72925687191558,22.09894069199937,386.83,4447.46,-169.98,2341.78,2060.96,3690.74
2021-02-22,-453.25,12173.04,1.056417914155598,13.811232348409693,-3.9477307792188987,45.0996297579902,25.72925687191558,22.09894069199937,383.86,4332.19,-169.46,2272.99,2060.73,3745.99
2021-02-23,-453.25,12162.1,1.056417914155598,13.811232348409693,-3.9477307792188987,45.0996297579902,25.72925687191558,22.09894069199937,384.32,4319.29,-169.53,2283.16,2060.73,3737.37
2021-02-24,-453.25,12183.79,1.056417914155598,13.811232348409693,-3.9477307792188987,45.0996297579902,25.72925687191558,22.09894069199937,388.56,4354.89,-170.15,2268.51,2060.51,3734.72
2021-02-25,-453.25,11903.74,1.056417914155598,13.811232348409693,-3.9477307792188987,45.0996297579902,25.72925687191558,22.09894069199937,379.19,4203.07,-167.27,2216.82,2060.73,3664.45
2021-02-26,-453.25,11803.46,1.056417914155598,13.811232348409693,-3.9477307792188987,45.0996297579902,25.72925687191558,22.09894069199937,377.24,4220.67,-164.86,2187.1,2060.73,3575.83
2021-03-01,-453.25,11988.58,1.056417914155598,13.811232348409693,-3.9477307792188987,45.0996297579902,25.72925687191558,22.09894069199937,386.38,4347.64,-168.06,2245.72,2060.51,3569.64
2021-03-02,-453.25,11913.37,1.056417914155598,13.811232348409693,-3.9477307792188987,45.0996297579902,25.72925687191558,22.09894069199937,383.37,4277.9,-167.99,2223.73,2060.51,3589.09
2021-03-03,-453.25,11741.37,1.056417914155598,13.811232348409693,-3.9477307792188987,45.0996297579902,25.72925687191558,22.09894069199937,378.29,4153.76,-166.96,2219.26,2060.73,3549.53
2021-03-04,-453.25,11583.77,1.056417914155598,13.811232348409693,-3.9477307792188987,45.0996297579902,25.72925687191558,22.09894069199937,373.61,4085.78,-165.28,2167.56,2060.73,3514.62
2021-03-05,-489.43,11676.63,2.3844113519442662,17.78019009421767,18.488379490287127,52.42857454716855,21.331355648704196,5.857110842897782,858.78,5339.13,780.31,2547.25,1708.49,932.1
2021-03-08,-489.43,11438.85,2.3844113519442662,17.78019009421767,18.488379490287127,52.42857454716855,21.331355648704196,5.857110842897782,854.5,5187.96,776.45,2478.63,1708.31,922.44
2021-03-09,-489.43,11739.68,2.3844113519442662,17.78019009421767,18.488379490287127,52.42857454716855,21.331355648704196,5.857110842897782,866.7,5392.58,786.42,2533.05,1708.31,942.06
2021-03-10,-489.43,11726.51,2.3844113519442662,17.78019009421767,18.488379490287127,52.42857454716855,21.331355648704196,5.857110842897782,872.1,5377.18,789.79,2521.7,1708.31,946.86
2021-03-11,-489.43,11943.85,2.3844113519442662,17.78019009421767,18.488379490287127,52.42857454716855,21.331355648704196,5.857110842897782,880.94,5501.03,795.58,2601.19,1708.49,946.04
2021-03-12,-489.43,11855.6,2.3844113519442662,17.78019009421767,18.488379490287127,52.42857454716855,21.331355648704196,5.857110842897782,882.13,5456.4,797.51,2554.82,1708.31,945.86
2021-03-15,-489.43,11931.39,2.3844113519442662,17.78019009421767,18.488379490287127,52.42857454716855,21.331355648704196,5.857110842897782,887.39,5514.69,799.44,2560.97,1708.31,950.02
2021-03-16,-489.43,11973.59,2.3844113519442662,17.78019009421767,18.488379490287127,52.42857454716855,21.331355648704196,5.857110842897782,886.27,5544.96,800.73,2571.85,1708.31,950.9
2021-03-17,-489.43,12013.92,2.3844113519442662,17.78019009421767,18.488379490287127,52.42857454716855,21.331355648704196,5.857110842897782,889.29,5567.79,804.91,2575.17,1708.49,957.7
2021-03-18,-489.43,11769.65,2.3844113519442662,17.78019009421767,18.488379490287127,52.42857454716855,21.331355648704196,5.857110842897782,876.35,5397.25,797.19,2527.85,1708.31,952.13
2021-03-19,-489.43,11825.0,2.3844113519442662,17.78019009421767,18.488379490287127,52.42857454716855,21.331355648704196,5.857110842897782,874.73,5416.28,799.93,2559.08,1708.31,956.11
2021-03-22,-489.43,11924.92,2.3844113519442662,17.78019009421767,18.488379490287127,52.42857454716855,21.331355648704196,5.857110842897782,881.71,5517.85,800.27,2551.51,1708.31,954.71
2021-03-23,-489.43,11826.26,2.3844113519442662,17.78019009421767,18.488379490287127,52.42857454716855,21.331355648704196,5.857110842897782,874.77,5493.77,788.15,2502.77,1708.49,947.74
2021-03-24,-489.43,11671.61,2.3844113519442662,17.78019009421767,18.488379490287127,52.42857454716855,21.331355648704196,5.857110842897782,870.33,5401.12,784.75,2445.51,1708.31,951.02
2021-03-25,-489.43,11680.06,2.3844113519442662,17.78019009421767,18.488379490287127,52.42857454716855,21.331355648704196,5.857110842897782,875.22,5391.77,789.76,2456.87,1708.31,947.56
2021-03-26,-489.43,11852.44,2.3844113519442662,17.78019009421767,18.488379490287127,52.42857454716855,21.331355648704196,5.857110842897782,889.33,5472.65,800.59,2520.75,1708.31,950.26
2021-03-29,-489.43,11817.75,2.3844113519442662,17.78019009421767,18.488379490287127,52.42857454716855,21.331355648704196,5.857110842897782,888.88,5471.09,796.71,2503.24,1708.31,938.95
2021-03-30,-489.43,11779.06,2.3844113519442662,17.78019009421767,18.488379490287127,52.42857454716855,21.331355648704196,5.857110842897782,886.52,5443.55,795.74,2511.29,1708.49,922.9
2021-03-31,-489.43,11890.29,2.3844113519442662,17.78019009421767,18.488379490287127,52.42857454716855,21.331355648704196,5.857110842897782,890.11,5526.85,793.48,2524.06,1708.31,936.9
2021-04-01,-489.43,12041.08,2.3844113519442662,17.78019009421767,18.488379490287127,52.42857454716855,21.331355648704196,5.857110842897782,899.73,5621.07,803.82,2548.67,1708.49,948.73
2021-04-05,-489.43,12187.73,2.3844113519442662,17.78019009421767,18.488379490287127,52.42857454716855,21.331355648704196,5.857110842897782,912.64,5733.29,815.94,2558.61,1708.31,948.38
2021-04-06,-333.42,12197.88,5.8449194818700665,12.552307847613449,83.96984446052072,37.62449808723426,7.799394965669544,0.6516060995501682,2235.84,4044.73,3673.51,1846.33,624.54,106.36
2021-04-07,-333.42,12189.38,5.8449194818700665,12.552307847613449,83.96984446052072,37.62449808723426,7.799394965669544,0.6516060995501682,2238.42,4054.51,3680.11,1819.16,624.54,106.06
2021-04-08,-333.42,12279.74,5.8449194818700665,12.552307847613449,83.96984446052072,37.62449808723426,7.799394965669544,0.6516060995501682,2249.05,4096.81,3701.39,1834.1,624.61,107.2
2021-04-09,-333.42,12313.22,5.8449194818700665,12.552307847613449,83.96984446052072,37.62449808723426,7.799394965669544,0.6516060995501682,2265.4,4121.63,3710.2,1818.48,624.54,106.39
2021-04-12,-333.42,12277.34,5.8449194818700665,12.552307847613449,83.96984446052072,37.62449808723426,7.799394965669544,0.6516060995501682,2266.23,4116.25,3690.39,1807.62,624.54,105.74
2021-04-13,-333.42,12365.28,5.8449194818700665,12.552307847613449,83.96984446052072,37.62449808723426,7.799394965669544,0.6516060995501682,2272.94,4164.3,3715.34,1815.09,624.54,106.49
2021-04-14,-333.42,12319.89,5.8449194818700665,12.552307847613449,83.96984446052072,37.62449808723426,7.799394965669544,0.6516060995501682,2265.18,4114.3,3719.0,1824.26,624.54,106.03
2021-04-15,-333.42,12453.61,5.8449194818700665,12.552307847613449,83.96984446052072,37.62449808723426,7.799394965669544,0.6516060995501682,2289.51,4176.65,3747.62,1840.9,624.61,107.74
2021-04-16,-333.42,12493.58,5.8449194818700665,12.552307847613449,83.96984446052072,37.62449808723426,7.799394965669544,0.6516060995501682,2297.17,4181.54,3769.64,1845.65,624.61,108.39
2021-04-19,-333.42,12425.86,5.8449194818700665,12.552307847613449,83.96984446052072,37.62449808723426,7.799394965669544,0.6516060995501682,2285.88,4143.27,3758.63,1838.86,624.54,108.09
2021-04-20,-333.42,12301.99,5.8449194818700665,12.552307847613449,83.96984446052072,37.62449808723426,7.799394965669544,0.6516060995501682,2269.14,4113.07,3696.26,1823.92,624.54,108.48
2021-04-21,-333.42,12404.71,5.8449194818700665,12.552307847613449,83.96984446052072,37.62449808723426,7.799394965669544,0.6516060995501682,2290.62,4148.29,3730.01,1835.12,624.54,109.55
2021-04-22,-333.42,12311.28,5.8449194818700665,12.552307847613449,83.96984446052072,37.62449808723426,7.799394965669544,0.6516060995501682,2269.69,4098.28,3714.6,1828.67,624.61,108.84
2021-04-23,-333.42,12456.11,5.8449194818700665,12.552307847613449,83.96984446052072,37.62449808723426,7.799394965669544,0.6516060995501682,2294.3,4149.87,3757.16,1855.16,624.61,108.43
2021-04-26,-333.42,12496.39,5.8449194818700665,12.552307847613449,83.96984446052072,37.62449808723426,7.799394965669544,0.6516060995501682,2299.09,4176.89,3763.03,1857.53,624.54,108.71
2021-04-27,-333.42,12464.83,5.8449194818700665,12.552307847613449,83.96984446052072,37.62449808723426,7.799394965669544,0.6516060995501682,2298.6,4158.8,3751.29,1856.52,624.61,108.44
2021-04-28,-333.42,12474.56,5.8449194818700665,12.552307847613449,83.96984446052072,37.62449808723426,7.799394965669544,0.6516060995501682,2297.94,4144.74,3761.57,1870.44,624.54,108.76
2021-04-29,-333.42,12502.93,5.8449194818700665,12.552307847613449,83.96984446052072,37.62449808723426,7.799394965669544,0.6516060995501682,2312.58,4159.66,3765.24,1866.02,624.54,108.31
2021-04-30,-333.42,12375.86,5.8449194818700665,12.552307847613449,83.96984446052072,37.62449808723426,7.799394965669544,0.6516060995501682,2297.39,4132.39,3713.87,1833.08,624.61,107.95
2021-05-03,-333.42,12399.1,5.8449194818700665,12.552307847613449,83.96984446052072,37.62449808723426,7.799394965669544,0.6516060995501682,2302.34,4110.38,3752.76,1833.08,624.61,109.35
2021-05-04,-333.42,12243.85,5.8449194818700665,12.552307847613449,83.96984446052072,37.62449808723426,7.799394965669544,0.6516060995501682,2288.14,4036.41,3707.26,1812.37,624.54,108.54
2021-05-05,-340.72,12284.02,8.062016319590352,7.925307366108803,81.16143668282076,53.06869963328461,7.799394965669544,0.6516060995501682,3157.06,2539.95,3625.83,2568.29,624.61,108.99
2021-05-06,-340.72,12384.41,8.062016319590352,7.925307366108803,81.16143668282076,53.06869963328461,7.799394965669544,0.6516060995501682,3182.27,2559.1,3655.62,2592.72,624.61,110.81
2021-05-07,-340.72,12498.64,8.062016319590352,7.925307366108803,81.16143668282076,53.06869963328461,7.799394965669544,0.6516060995501682,3205.43,2579.86,3698.18,2619.54,624.54,111.81
2021-05-10,-340.72,12336.0,8.062016319590352,7.925307366108803,81.16143668282076,53.06869963328461,7.799394965669544,0.6516060995501682,3173.69,2514.71,3679.03,2572.6,624.54,112.15
2021-05-11,-340.72,12253.06,8.062016319590352,7.925307366108803,81.16143668282076,53.06869963328461,7.799394965669544,0.6516060995501682,3145.37,2511.23,3635.05,2565.42,624.54,112.17
2021-05-12,-340.72,11985.33,8.062016319590352,7.925307366108803,81.16143668282076,53.06869963328461,7.799394965669544,0.6516060995501682,3078.54,2446.24,3571.21,2494.53,624.47,111.05
2021-05-13,-340.72,12063.15,8.062016319590352,7.925307366108803,81.16143668282076,53.06869963328461,7.799394965669544,0.6516060995501682,3115.52,2465.15,3596.04,2491.17,624.47,111.51
2021-05-14,-340.72,12268.91,8.062016319590352,7.925307366108803,81.16143668282076,53.06869963328461,7.799394965669544,0.6516060995501682,3163.36,2519.57,3653.49,2536.2,624.47,112.53
2021-05-17,-340.72,12238.88,8.062016319590352,7.925307366108803,81.16143668282076,53.06869963328461,7.799394965669544,0.6516060995501682,3155.32,2504.29,3647.82,2533.8,624.54,113.84
2021-05-18,-340.72,12241.79,8.062016319590352,7.925307366108803,81.16143668282076,53.06869963328461,7.799394965669544,0.6516060995501682,3128.13,2487.38,3660.58,2567.81,624.54,114.06
2021-05-19,-340.72,12196.16,8.062016319590352,7.925307366108803,81.16143668282076,53.06869963328461,7.799394965669544,0.6516060995501682,3119.93,2490.24,3627.96,2560.15,624.47,114.14
2021-05-20,-340.72,12343.62,8.062016319590352,7.925307366108803,81.16143668282076,53.06869963328461,7.799394965669544,0.6516060995501682,3153.49,2538.41,3678.32,2575.0,624.47,114.66
2021-05-21,-340.72,12296.7,8.062016319590352,7.925307366108803,81.16143668282076,53.06869963328461,7.799394965669544,0.6516060995501682,3150.91,2524.36,3677.61,2545.3,624.54,114.71
2021-05-24,-340.72,12415.19,8.062016319590352,7.925307366108803,81.16143668282076,53.06869963328461,7.799394965669544,0.6516060995501682,3183.03,2566.82,3700.3,2566.37,624.47,114.91
2021-05-25,-340.72,12438.11,8.062016319590352,7.925307366108803,81.16143668282076,53.06869963328461,7.799394965669544,0.6516060995501682,3175.97,2570.37,3700.3,2591.76,624.47,115.95
2021-05-26,-340.72,12472.32,8.062016319590352,7.925307366108803,81.16143668282076,53.06869963328461,7.799394965669544,0.6516060995501682,3182.27,2579.32,3700.3,2610.92,624.47,115.75
2021-05-27,-340.72,12472.03,8.062016319590352,7.925307366108803,81.16143668282076,53.06869963328461,7.799394965669544,0.6516060995501682,3183.94,2569.67,3707.4,2611.4,624.54,115.8
2021-05-28,-340.72,12513.67,8.062016319590352,7.925307366108803,81.16143668282076,53.06869963328461,7.799394965669544,0.6516060995501682,3189.64,2577.78,3718.04,2628.16,624.54,116.23
2021-06-01,-340.72,12575.89,8.062016319590352,7.925307366108803,81.16143668282076,53.06869963328461,7.799394965669544,0.6516060995501682,3186.83,2569.21,3737.9,2682.29,624.47,115.92
2021-06-02,-340.72,12601.44,8.062016319590352,7.925307366108803,81.16143668282076,53.06869963328461,7.799394965669544,0.6516060995501682,3191.84,2574.23,3748.53,2686.6,624.47,116.49
2021-06-03,-340.72,12511.93,8.062016319590352,7.925307366108803,81.16143668282076,53.06869963328461,7.799394965669544,0.6516060995501682,3179.99,2547.44,3728.67,2657.86,624.47,114.21
2021-06-04,-338.72,12644.95,8.062016319590352,5.9650984647662115,75.67556861131563,65.6491612933728,4.651660005710488,3.5274979297586135,3209.08,1949.91,3509.71,3317.56,372.48,624.93
2021-06-07,-338.72,12641.41,8.062016319590352,5.9650984647662115,75.67556861131563,65.6491612933728,4.651660005710488,3.5274979297586135,3205.97,1955.72,3517.65,3300.97,372.4,627.44
2021-06-08,-338.72,12623.11,8.062016319590352,5.9650984647662115,75.67556861131563,65.6491612933728,4.651660005710488,3.5274979297586135,3206.65,1956.65,3515.67,3284.97,372.4,625.5
2021-06-09,-338.72,12594.22,8.062016319590352,5.9650984647662115,75.67556861131563,65.6491612933728,4.651660005710488,3.5274979297586135,3201.86,1957.11,3501.78,3275.49,372.4,624.3
2021-06-10,-338.72,12669.66,8.062016319590352,5.9650984647662115,75.67556861131563,65.6491612933728,4.651660005710488,3.5274979297586135,3216.75,1977.5,3513.02,3301.73,372.4,626.98
2021-06-11,-338.72,12667.78,8.062016319590352,5.9650984647662115,75.67556861131563,65.6491612933728,4.651660005710488,3.5274979297586135,3222.06,1982.67,3518.97,3290.43,372.44,619.92
2021-06-14,-338.72,12704.54,8.062016319590352,5.9650984647662115,75.67556861131563,65.6491612933728,4.651660005710488,3.5274979297586135,3229.28,2001.67,3524.26,3299.35,372.4,616.29
2021-06-15,-338.72,12661.26,8.062016319590352,5.9650984647662115,75.67556861131563,65.6491612933728,4.651660005710488,3.5274979297586135,3223.35,1988.6,3524.92,3276.74,372.4,613.96
2021-06-16,-338.72,12557.89,8.062016319590352,5.9650984647662115,75.67556861131563,65.6491612933728,4.651660005710488,3.5274979297586135,3205.36,1981.34,3501.78,3232.1,372.44,603.59
2021-06-17,-338.72,12555.45,8.062016319590352,5.9650984647662115,75.67556861131563,65.6491612933728,4.651660005710488,3.5274979297586135,3204.29,2006.5,3475.99,3249.96,372.4,585.04
2021-06-18,-338.72,12404.53,8.062016319590352,5.9650984647662115,75.67556861131563,65.6491612933728,4.651660005710488,3.5274979297586135,3161.07,1990.75,3409.85,3227.34,372.44,581.79
2021-06-21,-338.72,12529.86,8.062016319590352,5.9650984647662115,75.67556861131563,65.6491612933728,4.651660005710488,3.5274979297586135,3206.32,2003.12,3456.79,3241.03,372.4,588.92
2021-06-22,-338.72,12551.66,8.062016319590352,5.9650984647662115,75.67556861131563,65.6491612933728,4.651660005710488,3.5274979297586135,3223.46,2021.8,3460.12,3226.15,372.4,586.45
2021-06-23,-338.72,12549.35,8.062016319590352,5.9650984647662115,75.67556861131563,65.6491612933728,4.651660005710488,3.5274979297586135,3219.58,2022.78,3441.45,3245.79,372.4,586.06
2021-06-24,-338.72,12639.01,8.062016319590352,5.9650984647662115,75.67556861131563,65.6491612933728,4.651660005710488,3.5274979297586135,3238.62,2035.29,3470.12,3275.55,372.44,585.71
2021-06-25,-338.72,12688.66,8.062016319590352,5.9650984647662115,75.67556861131563,65.6491612933728,4.651660005710488,3.5274979297586135,3250.13,2032.79,3481.45,3302.92,372.44,587.65
2021-06-28,-338.72,12700.17,8.062016319590352,5.9650984647662115,75.67556861131563,65.6491612933728,4.651660005710488,3.5274979297586135,3256.68,2057.51,3458.79,3305.9,372.4,587.61
2021-06-29,-338.72,12700.15,8.062016319590352,5.9650984647662115,75.67556861131563,65.6491612933728,4.651660005710488,3.5274979297586135,3258.43,2064.96,3458.12,3303.52,372.4,581.44
2021-06-30,-338.72,12657.7,8.062016319590352,5.9650984647662115,75.67556861131563,65.6491612933728,4.651660005710488,3.5274979297586135,3261.17,2061.7,3434.79,3282.09,372.4,584.26
2021-07-01,-338.72,12670.17,8.062016319590352,5.9650984647662115,75.67556861131563,65.6491612933728,4.651660005710488,3.5274979297586135,3279.23,2062.51,3444.79,3263.65,372.44,586.27
2021-07-02,-338.72,12731.81,8.062016319590352,5.9650984647662115,75.67556861131563,65.6491612933728,4.651660005710488,3.5274979297586135,3304.29,2086.19,3457.45,3260.07,372.4,590.12
2021-07-06,-245.64,12659.99,9.916822326636153,7.414224783562425,67.3559557533438,27.377678018435724,22.060528252759724,0.497987840942276,4057.1,2604.2,3058.95,1335.72,1765.93,83.72
2021-07-07,-245.64,12689.33,9.916822326636153,7.414224783562425,67.3559557533438,27.377678018435724,22.060528252759724,0.497987840942276,4071.44,2609.7,3069.63,1334.23,1765.93,84.04
2021-07-08,-245.64,12568.23,9.916822326636153,7.414224783562425,67.3559557533438,27.377678018435724,22.060528252759724,0.497987840942276,4038.27,2593.94,3025.13,1306.44,1766.12,83.99
2021-07-09,-245.64,12702.62,9.916822326636153,7.414224783562425,67.3559557533438,27.377678018435724,22.060528252759724,0.497987840942276,4081.37,2610.13,3077.35,1329.02,1766.12,84.26
2021-07-12,-245.64,12739.84,9.916822326636153,7.414224783562425,67.3559557533438,27.377678018435724,22.060528252759724,0.497987840942276,4095.99,2620.33,3088.62,1330.26,1766.12,84.16
2021-07-13,-245.64,12710.02,9.916822326636153,7.414224783562425,67.3559557533438,27.377678018435724,22.060528252759724,0.497987840942276,4082.03,2620.33,3071.41,1331.5,1766.12,84.27
2021-07-14,-245.64,12734.95,9.916822326636153,7.414224783562425,67.3559557533438,27.377678018435724,22.060528252759724,0.497987840942276,4088.12,2625.03,3079.13,1337.21,1765.93,85.18
2021-07-15,-245.64,12681.06,9.916822326636153,7.414224783562425,67.3559557533438,27.377678018435724,22.060528252759724,0.497987840942276,4074.16,2606.59,3054.21,1340.44,1766.12,85.19
2021-07-16,-245.64,12593.01,9.916822326636153,7.414224783562425,67.3559557533438,27.377678018435724,22.060528252759724,0.497987840942276,4042.2,2585.48,3030.47,1330.02,1766.12,84.36
2021-07-19,-245.64,12430.36,9.916822326636153,7.414224783562425,67.3559557533438,27.377678018435724,22.060528252759724,0.497987840942276,3982.51,2564.29,2971.13,1307.68,1765.93,84.46
2021-07-20,-245.64,12548.03,9.916822326636153,7.414224783562425,67.3559557533438,27.377678018435724,22.060528252759724,0.497987840942276,4039.58,2594.08,2997.83,1311.9,1765.93,84.35
2021-07-21,-245.64,12652.21,9.916822326636153,7.414224783562425,67.3559557533438,27.377678018435724,22.060528252759724,0.497987840942276,4072.28,2614.11,3041.15,1320.34,1765.93,84.04
2021-07-22,-245.64,12685.01,9.916822326636153,7.414224783562425,67.3559557533438,27.377678018435724,22.060528252759724,0.497987840942276,4080.81,2631.39,3045.3,1322.82,1766.12,84.2
2021-07-23,-245.64,12756.05,9.916822326636153,7.414224783562425,67.3559557533438,27.377678018435724,22.060528252759724,0.497987840942276,4122.8,2662.12,3063.7,1303.21,1765.93,83.94
2021-07-26,-245.64,12747.0,9.916822326636153,7.414224783562425,67.3559557533438,27.377678018435724,22.060528252759724,0.497987840942276,4132.92,2664.21,3067.26,1278.39,1766.12,83.74
2021-07-27,-245.64,12661.67,9.916822326636153,7.414224783562425,67.3559557533438,27.377678018435724,22.060528252759724,0.497987840942276,4114.08,2634.86,3055.99,1252.58,1765.93,83.88
2021-07-28,-245.64,12718.18,9.916822326636153,7.414224783562425,67.3559557533438,27.377678018435724,22.060528252759724,0.497987840942276,4112.39,2644.98,3069.63,1286.58,1765.93,84.3
2021-07-29,-245.64,12770.66,9.916822326636153,7.414224783562425,67.3559557533438,27.377678018435724,22.060528252759724,0.497987840942276,4129.45,2649.68,3092.78,1293.04,1766.12,85.24
2021-07-30,-245.64,12703.35,9.916822326636153,7.414224783562425,67.3559557533438,27.377678018435724,22.060528252759724,0.497987840942276,4109.39,2635.87,3072.6,1280.63,1765.93,84.57
2021-08-02,-245.64,12718.86,9.916822326636153,7.414224783562425,67.3559557533438,27.377678018435724,22.060528252759724,0.497987840942276,4100.77,2636.09,3087.44,1289.81,1765.93,84.46
2021-08-03,-245.64,12795.55,9.916822326636153,7.414224783562425,67.3559557533438,27.377678018435724,22.060528252759724,0.497987840942276,4134.13,2652.07,3109.39,1295.27,1765.93,84.4
2021-08-04,-117.28,12777.0,9.001535405488774,8.8365189295757,70.11112786402775,13.935971280313494,25.238287566823576,0.497987840942276,3734.11,3165.39,3227.32,662.74,2020.3,84.42
2021-08-05,-117.28,12836.06,9.001535405488774,8.8365189295757,70.11112786402775,13.935971280313494,25.238287566823576,0.497987840942276,3757.76,3185.47,3243.99,661.73,2020.3,84.09
2021-08-06,-117.28,12807.9,9.001535405488774,8.8365189295757,70.11112786402775,13.935971280313494,25.238287566823576,0.497987840942276,3763.97,3171.51,3231.02,656.17,2020.53,81.99
2021-08-09,-117.28,12807.68,9.001535405488774,8.8365189295757,70.11112786402775,13.935971280313494,25.238287566823576,0.497987840942276,3760.9,3177.36,3227.32,658.32,2020.53,80.53
2021-08-10,-117.28,12803.55,9.001535405488774,8.8365189295757,70.11112786402775,13.935971280313494,25.238287566823576,0.497987840942276,3765.58,3161.08,3234.11,659.2,2020.3,80.56
2021-08-11,-117.28,12830.75,9.001535405488774,8.8365189295757,70.11112786402775,13.935971280313494,25.238287566823576,0.497987840942276,3774.94,3155.65,3254.49,660.97,2020.3,81.67
2021-08-12,-117.28,12840.23,9.001535405488774,8.8365189295757,70.11112786402775,13.935971280313494,25.238287566823576,0.497987840942276,3786.25,3167.02,3247.08,655.16,2020.3,81.69
2021-08-13,-117.28,12874.66,9.001535405488774,8.8365189295757,70.11112786402775,13.935971280313494,25.238287566823576,0.497987840942276,3793.14,3178.14,3263.76,653.52,2020.53,82.86
2021-08-16,-117.28,12860.48,9.001535405488774,8.8365189295757,70.11112786402775,13.935971280313494,25.238287566823576,0.497987840942276,3802.07,3179.52,3245.23,647.58,2020.08,83.27
2021-08-17,-117.28,12759.72,9.001535405488774,8.8365189295757,70.11112786402775,13.935971280313494,25.238287566823576,0.497987840942276,3777.15,3151.51,3209.4,635.7,2020.08,83.15
2021-08-18,-117.28,12681.1,9.001535405488774,8.8365189295757,70.11112786402775,13.935971280313494,25.238287566823576,0.497987840942276,3735.81,3121.18,3201.37,636.71,2020.08,83.21
2021-08-19,-117.28,12656.09,9.001535405488774,8.8365189295757,70.11112786402775,13.935971280313494,25.238287566823576,0.497987840942276,3741.59,3136.26,3166.17,625.85,2020.53,82.97
2021-08-20,-117.28,12728.39,9.001535405488774,8.8365189295757,70.11112786402775,13.935971280313494,25.238287566823576,0.497987840942276,3771.37,3168.75,3176.67,625.34,2020.53,83.01
2021-08-23,-117.28,12852.35,9.001535405488774,8.8365189295757,70.11112786402775,13.935971280313494,25.238287566823576,0.497987840942276,3804.54,3216.14,3210.02,634.82,2020.08,84.03
2021-08-24,-117.28,12898.02,9.001535405488774,8.8365189295757,70.11112786402775,13.935971280313494,25.238287566823576,0.497987840942276,3810.58,3225.96,3225.46,649.22,2020.08,83.99
2021-08-25,-117.28,12912.36,9.001535405488774,8.8365189295757,70.11112786402775,13.935971280313494,25.238287566823576,0.497987840942276,3818.58,3229.67,3227.93,649.98,2020.08,83.4
2021-08-26,-117.28,12843.06,9.001535405488774,8.8365189295757,70.11112786402775,13.935971280313494,25.238287566823576,0.497987840942276,3796.04,3209.16,3207.55,643.79,2020.3,83.5
2021-08-27,-117.28,12950.76,9.001535405488774,8.8365189295757,70.11112786402775,13.935971280313494,25.238287566823576,0.497987840942276,3829.98,3240.36,3240.9,651.75,2020.3,84.75
2021-08-30,-117.28,13004.32,9.001535405488774,8.8365189295757,70.11112786402775,13.935971280313494,25.238287566823576,0.497987840942276,3846.82,3276.72,3240.29,653.14,2020.3,84.33
2021-08-31,-117.28,13004.87,9.001535405488774,8.8365189295757,70.11112786402775,13.935971280313494,25.238287566823576,0.497987840942276,3841.12,3274.05,3240.29,662.11,2020.08,84.5
2021-09-01,-117.28,13049.22,9.001535405488774,8.8365189295757,70.11112786402775,13.935971280313494,25.238287566823576,0.497987840942276,3843.16,3279.48,3268.7,670.57,2020.08,84.51
2021-09-02,-117.17,13072.13,8.696932511865901,7.434859280698578,78.47946876622716,22.044085547775317,23.613501298595413,0.497987840942276,3724.54,2757.98,3676.13,1055.92,1890.45,84.28
2021-09-03,-117.17,13103.76,8.696932511865901,7.434859280698578,78.47946876622716,22.044085547775317,23.613501298595413,0.497987840942276,3723.63,2766.46,3694.11,1061.52,1890.04,85.19
2021-09-07,-117.17,13089.9,8.696932511865901,7.434859280698578,78.47946876622716,22.044085547775317,23.613501298595413,0.497987840942276,3710.32,2770.38,3685.12,1067.71,1890.04,83.52
2021-09-08,-117.17,13032.98,8.696932511865901,7.434859280698578,78.47946876622716,22.044085547775317,23.613501298595413,0.497987840942276,3705.8,2760.73,3658.15,1052.12,1890.04,83.31
2021-09-09,-117.17,13001.84,8.696932511865901,7.434859280698578,78.47946876622716,22.044085547775317,23.613501298595413,0.497987840942276,3689.94,2751.23,3654.0,1050.13,1890.04,83.68
2021-09-10,-117.17,12940.08,8.696932511865901,7.434859280698578,78.47946876622716,22.044085547775317,23.613501298595413,0.497987840942276,3660.84,2730.35,3643.63,1048.93,1890.24,83.25
2021-09-13,-117.17,12978.3,8.696932511865901,7.434859280698578,78.47946876622716,22.044085547775317,23.613501298595413,0.497987840942276,3670.21,2728.47,3671.29,1051.72,1890.24,83.53
2021-09-14,-117.17,12926.37,8.696932511865901,7.434859280698578,78.47946876622716,22.044085547775317,23.613501298595413,0.497987840942276,3650.4,2720.71,3655.39,1042.93,1890.04,84.07
2021-09-15,-117.17,12990.92,8.696932511865901,7.434859280698578,78.47946876622716,22.044085547775317,23.613501298595413,0.497987840942276,3680.9,2740.94,3669.91,1042.73,1890.04,83.58
2021-09-16,-117.17,12963.12,8.696932511865901,7.434859280698578,78.47946876622716,22.044085547775317,23.613501298595413,0.497987840942276,3675.06,2742.82,3659.53,1030.94,1890.24,81.68
2021-09-17,-117.17,12844.47,8.696932511865901,7.434859280698578,78.47946876622716,22.044085547775317,23.613501298595413,0.497987840942276,3639.26,2710.34,3613.9,1026.55,1890.04,81.56
2021-09-20,-117.17,12632.29,8.696932511865901,7.434859280698578,78.47946876622716,22.044085547775317,23.613501298595413,0.497987840942276,3578.58,2654.34,3545.19,998.97,1890.24,82.14
2021-09-21,-117.17,12670.45,8.696932511865901,7.434859280698578,78.47946876622716,22.044085547775317,23.613501298595413,0.497987840942276,3575.2,2657.6,3575.73,1006.36,1890.04,82.69
2021-09-22,-117.17,12761.86,8.696932511865901,7.434859280698578,78.47946876622716,22.044085547775317,23.613501298595413,0.497987840942276,3610.07,2682.43,3595.16,1018.95,1890.04,82.38
2021-09-23,-117.17,12881.45,8.696932511865901,7.434859280698578,78.47946876622716,22.044085547775317,23.613501298595413,0.497987840942276,3653.94,2707.18,3638.89,1026.94,1890.24,81.43
2021-09-24,-117.17,12844.19,8.696932511865901,7.434859280698578,78.47946876622716,22.044085547775317,23.613501298595413,0.497987840942276,3659.96,2709.72,3605.58,1014.75,1890.04,81.32
2021-09-27,-117.17,12818.86,8.696932511865901,7.434859280698578,78.47946876622716,22.044085547775317,23.613501298595413,0.497987840942276,3649.48,2688.09,3605.58,1021.35,1890.04,81.49
2021-09-28,-117.17,12575.45,8.696932511865901,7.434859280698578,78.47946876622716,22.044085547775317,23.613501298595413,0.497987840942276,3575.94,2612.02,3525.76,1008.16,1890.04,80.7
2021-09-29,-117.17,12556.53,8.696932511865901,7.434859280698578,78.47946876622716,22.044085547775317,23.613501298595413,0.497987840942276,3581.96,2607.74,3514.66,998.77,1890.24,80.34
2021-09-30,-117.17,12502.2,8.696932511865901,7.434859280698578,78.47946876622716,22.044085547775317,23.613501298595413,0.497987840942276,3538.18,2598.16,3504.24,1006.76,1890.24,81.78
2021-10-01,-117.17,12569.95,8.696932511865901,7.434859280698578,78.47946876622716,22.044085547775317,23.613501298595413,0.497987840942276,3580.23,2614.27,3514.66,1005.76,1890.24,81.96
2021-10-04,-232.61,12421.35,9.60802609162418,10.279308791232232,61.72961880261137,8.343060618713228,25.175315189003953,0.497987840942276,3904.29,3538.58,2738.86,375.06,2014.82,82.35
2021-10-05,-232.61,12528.06,9.60802609162418,10.279308791232232,61.72961880261137,8.343060618713228,25.175315189003953,0.497987840942276,3944.91,3586.35,2754.7,377.7,2015.04,81.96
2021-10-06,-232.61,12545.34,9.60802609162418,10.279308791232232,61.72961880261137,8.343060618713228,25.175315189003953,0.497987840942276,3961.31,3609.33,2734.5,375.59,2015.04,82.18
2021-10-07,-232.61,12642.53,9.60802609162418,10.279308791232232,61.72961880261137,8.343060618713228,25.175315189003953,0.497987840942276,3995.55,3642.45,2757.43,382.92,2015.04,81.75
2021-10-08,-232.61,12619.1,9.60802609162418,10.279308791232232,61.72961880261137,8.343060618713228,25.175315189003953,0.497987840942276,3988.27,3624.28,2757.97,384.36,2015.04,81.78
2021-10-11,-232.61,12553.33,9.60802609162418,10.279308791232232,61.72961880261137,8.343060618713228,25.175315189003953,0.497987840942276,3959.39,3596.49,2749.78,383.6,2015.04,81.63
2021-10-12,-232.61,12528.35,9.60802609162418,10.279308791232232,61.72961880261137,8.343060618713228,25.175315189003953,0.497987840942276,3949.65,3583.94,2748.69,381.64,2015.04,82.0
2021-10-13,-232.61,12608.58,9.60802609162418,10.279308791232232,61.72961880261137,8.343060618713228,25.175315189003953,0.497987840942276,3963.86,3612.64,2779.26,386.93,2015.04,83.46
2021-10-14,-232.61,12773.01,9.60802609162418,10.279308791232232,61.72961880261137,8.343060618713228,25.175315189003953,0.497987840942276,4030.53,3679.18,2809.29,388.14,2014.82,83.66
2021-10-15,-232.61,12852.85,9.60802609162418,10.279308791232232,61.72961880261137,8.343060618713228,25.175315189003953,0.497987840942276,4061.23,3702.36,2831.67,392.83,2015.04,82.33
2021-10-18,-232.61,12890.32,9.60802609162418,10.279308791232232,61.72961880261137,8.343060618713228,25.175315189003953,0.497987840942276,4073.25,3739.59,2821.3,391.85,2014.82,82.13
2021-10-19,-232.61,12975.18,9.60802609162418,10.279308791232232,61.72961880261137,8.343060618713228,25.175315189003953,0.497987840942276,4104.67,3767.89,2840.95,397.06,2014.82,82.39
2021-10-20,-232.61,12996.86,9.60802609162418,10.279308791232232,61.72961880261137,8.343060618713228,25.175315189003953,0.497987840942276,4120.8,3762.97,2850.78,396.99,2014.82,83.11
2021-10-21,-232.61,13013.75,9.60802609162418,10.279308791232232,61.72961880261137,8.343060618713228,25.175315189003953,0.497987840942276,4131.54,3785.95,2836.58,394.42,2014.82,83.04
2021-10-22,-232.61,12990.43,9.60802609162418,10.279308791232232,61.72961880261137,8.343060618713228,25.175315189003953,0.497987840942276,4127.26,3754.14,2849.69,393.59,2014.82,83.55
2021-10-25,-232.61,13051.66,9.60802609162418,10.279308791232232,61.72961880261137,8.343060618713228,25.175315189003953,0.497987840942276,4149.4,3792.57,2847.5,395.63,2015.04,84.13
2021-10-26,-232.61,13069.69,9.60802609162418,10.279308791232232,61.72961880261137,8.343060618713228,25.175315189003953,0.497987840942276,4153.13,3804.51,2852.96,393.59,2014.6,83.5
2021-10-27,-232.61,13041.88,9.60802609162418,10.279308791232232,61.72961880261137,8.343060618713228,25.175315189003953,0.497987840942276,4134.73,3813.35,2837.68,390.41,2014.6,83.72
2021-10-28,-232.61,13153.85,9.60802609162418,10.279308791232232,61.72961880261137,8.343060618713228,25.175315189003953,0.497987840942276,4174.63,3855.69,2866.61,390.79,2015.04,83.7
2021-10-29,-232.61,13153.62,9.60802609162418,10.279308791232232,61.72961880261137,8.343060618713228,25.175315189003953,0.497987840942276,4183.1,3874.66,2845.32,385.11,2015.04,82.99
2021-11-01,-232.61,13204.27,9.60802609162418,10.279308791232232,61.72961880261137,8.343060618713228,25.175315189003953,0.497987840942276,4190.29,3887.91,2872.07,388.14,2015.04,83.42
2021-11-02,-105.11,13226.94,9.00482127238652,10.974850682286055,61.72961880261137,-2.966407289124165,26.818685696473672,2.0683813874655312,3943.1,4168.34,2865.52,-136.77,2146.11,345.75
2021-11-03,-105.11,13311.39,9.00482127238652,10.974850682286055,61.72961880261137,-2.966407289124165,26.818685696473672,2.0683813874655312,3967.17,4212.58,2885.17,-137.41,2146.11,342.88
2021-11-04,-105.11,13386.35,9.00482127238652,10.974850682286055,61.72961880261137,-2.966407289124165,26.818685696473672,2.0683813874655312,3985.87,4266.58,2882.99,-137.09,2146.35,346.76
2021-11-05,-105.11,13414.95,9.00482127238652,10.974850682286055,61.72961880261137,-2.966407289124165,26.818685696473672,2.0683813874655312,3999.7,4270.66,2888.99,-136.93,2146.35,351.29
2021-11-08,-105.11,13414.45,9.00482127238652,10.974850682286055,61.72961880261137,-2.966407289124165,26.818685696473672,2.0683813874655312,4003.11,4264.87,2890.63,-138.19,2146.58,352.56
2021-11-09,-105.11,13366.57,9.00482127238652,10.974850682286055,61.72961880261137,-2.966407289124165,26.818685696473672,2.0683813874655312,3989.88,4235.51,2883.53,-137.66,2146.11,354.29
2021-11-10,-105.11,13240.05,9.00482127238652,10.974850682286055,61.72961880261137,-2.966407289124165,26.818685696473672,2.0683813874655312,3957.78,4173.26,2846.96,-137.09,2146.11,358.14
2021-11-11,-105.11,13262.61,9.00482127238652,10.974850682286055,61.72961880261137,-2.966407289124165,26.818685696473672,2.0683813874655312,3959.06,4184.84,2856.78,-139.46,2146.35,360.15
2021-11-12,-105.11,13356.48,9.00482127238652,10.974850682286055,61.72961880261137,-2.966407289124165,26.818685696473672,2.0683813874655312,3988.94,4228.87,2876.44,-139.83,2146.35,360.83
2021-11-15,-105.11,13351.87,9.00482127238652,10.974850682286055,61.72961880261137,-2.966407289124165,26.818685696473672,2.0683813874655312,3990.31,4227.91,2871.52,-139.38,2146.35,360.27
2021-11-16,-105.11,13388.19,9.00482127238652,10.974850682286055,61.72961880261137,-2.966407289124165,26.818685696473672,2.0683813874655312,4006.1,4258.01,2864.97,-139.56,2146.11,357.66
2021-11-17,-105.11,13377.6,9.00482127238652,10.974850682286055,61.72961880261137,-2.966407289124165,26.818685696473672,2.0683813874655312,3996.37,4260.26,2857.87,-138.84,2146.11,360.93
2021-11-18,-105.11,13438.27,9.00482127238652,10.974850682286055,61.72961880261137,-2.966407289124165,26.818685696473672,2.0683813874655312,4009.94,4304.41,2860.06,-137.14,2146.35,359.77
2021-11-19,-105.11,13430.73,9.00482127238652,10.974850682286055,61.72961880261137,-2.966407289124165,26.818685696473672,2.0683813874655312,4002.77,4328.4,2838.22,-136.93,2146.35,357.02
2021-11-22,-105.11,13347.02,9.00482127238652,10.974850682286055,61.72961880261137,-2.966407289124165,26.818685696473672,2.0683813874655312,3991.5,4278.16,2822.94,-135.83,2146.35,349.02
2021-11-23,-105.11,13324.78,9.00482127238652,10.974850682286055,61.72961880261137,-2.966407289124165,26.818685696473672,2.0683813874655312,3996.8,4258.66,2818.02,-135.69,2146.11,346.0
2021-11-24,-105.11,13334.52,9.00482127238652,10.974850682286055,61.72961880261137,-2.966407289124165,26.818685696473672,2.0683813874655312,4007.47,4272.37,2803.28,-135.5,2146.35,345.67
2021-11-26,-105.11,13091.46,9.00482127238652,10.974850682286055,61.72961880261137,-2.966407289124165,26.818685696473672,2.0683813874655312,3918.09,4191.37,2726.85,-130.96,2146.11,345.11
2021-11-29,-105.11,13242.84,9.00482127238652,10.974850682286055,61.72961880261137,-2.966407289124165,26.818685696473672,2.0683813874655312,3966.15,4282.33,2739.96,-131.47,2146.35,344.63
2021-11-30,-105.11,13073.61,9.00482127238652,10.974850682286055,61.72961880261137,-2.966407289124165,26.818685696473672,2.0683813874655312,3888.98,4219.44,2713.21,-131.34,2146.11,342.32
2021-12-01,-105.11,12945.55,9.00482127238652,10.974850682286055,61.72961880261137,-2.966407289124165,26.818685696473672,2.0683813874655312,3845.78,4147.66,2699.01,-131.82,2146.35,343.68
2021-12-02,-88.51,13068.53,9.617053017004043,12.704512512934604,28.83864791384483,-5.9084286192430575,26.818685696473672,6.002423310873711,4170.16,4835.94,1278.51,-265.77,2146.35,991.84
2021-12-03,-88.51,12953.63,9.617053017004043,12.704512512934604,28.83864791384483,-5.9084286192430575,26.818685696473672,6.002423310873711,4133.88,4751.85,1272.14,-262.02,2146.11,1000.18
2021-12-06,-88.51,13048.41,9.617053017004043,12.704512512934604,28.83864791384483,-5.9084286192430575,26.818685696473672,6.002423310873711,4182.84,4789.93,1284.38,-264.06,2146.11,997.72
2021-12-07,-88.51,13306.08,9.617053017004043,12.704512512934604,28.83864791384483,-5.9084286192430575,26.818685696473672,6.002423310873711,4269.36,4934.17,1311.92,-268.23,2146.11,1001.26
2021-12-08,-88.51,13340.95,9.617053017004043,12.704512512934604,28.83864791384483,-5.9084286192430575,26.818685696473672,6.002423310873711,4280.66,4956.25,1313.71,-269.3,2146.35,1001.8
2021-12-09,-88.51,13222.58,9.617053017004043,12.704512512934604,28.83864791384483,-5.9084286192430575,26.818685696473672,6.002423310873711,4251.76,4883.32,1302.23,-268.02,2146.11,995.68
2021-12-10,-88.51,13321.69,9.617053017004043,12.704512512934604,28.83864791384483,-5.9084286192430575,26.818685696473672,6.002423310873711,4291.79,4936.4,1304.02,-268.23,2146.35,999.88
2021-12-13,-88.51,13205.87,9.617053017004043,12.704512512934604,28.83864791384483,-5.9084286192430575,26.818685696473672,6.002423310873711,4253.77,4865.09,1290.76,-263.98,2146.35,1002.4
2021-12-14,-88.51,13110.85,9.617053017004043,12.704512512934604,28.83864791384483,-5.9084286192430575,26.818685696473672,6.002423310873711,4224.5,4814.73,1284.12,-263.38,2146.35,993.04
2021-12-15,-88.51,13307.46,9.617053017004043,12.704512512934604,28.83864791384483,-5.9084286192430575,26.818685696473672,6.002423310873711,4290.51,4924.5,1299.94,-262.62,2146.35,997.3
2021-12-16,-88.51,13154.75,9.617053017004043,12.704512512934604,28.83864791384483,-5.9084286192430575,26.818685696473672,6.002423310873711,4252.67,4797.87,1300.19,-262.95,2146.11,1009.37
2021-12-17,-88.51,13069.88,9.617053017004043,12.704512512934604,28.83864791384483,-5.9084286192430575,26.818685696473672,6.002423310873711,4207.41,4773.93,1285.15,-261.64,2146.35,1007.21
2021-12-20,-88.51,12972.01,9.617053017004043,12.704512512934604,28.83864791384483,-5.9084286192430575,26.818685696473672,6.002423310873711,4162.67,4727.62,1278.9,-257.73,2146.11,1002.94
2021-12-21,-88.51,13162.8,9.617053017004043,12.704512512934604,28.83864791384483,-5.9084286192430575,26.818685696473672,6.002423310873711,4236.6,4833.42,1294.96,-262.08,2145.88,1002.52
2021-12-22,-88.51,13285.4,9.617053017004043,12.704512512934604,28.83864791384483,-5.9084286192430575,26.818685696473672,6.002423310873711,4278.96,4892.29,1308.17,-263.33,2145.88,1011.95
2021-12-23,-88.51,13357.86,9.617053017004043,12.704512512934604,28.83864791384483,-5.9084286192430575,26.818685696473672,6.002423310873711,4305.58,4929.17,1316.2,-264.69,2145.88,1014.23
2021-12-27,-88.51,13511.8,9.617053017004043,12.704512512934604,28.83864791384483,-5.9084286192430575,26.818685696473672,6.002423310873711,4366.52,5010.64,1326.3,-265.88,2146.11,1016.63
2021-12-28,-88.51,13481.26,9.617053017004043,12.704512512934604,28.83864791384483,-5.9084286192430575,26.818685696473672,6.002423310873711,4362.95,4987.41,1326.3,-265.01,2145.88,1012.25
2021-12-29,-88.51,13486.74,9.617053017004043,12.704512512934604,28.83864791384483,-5.9084286192430575,26.818685696473672,6.002423310873711,4368.53,4986.67,1326.04,-263.82,2145.88,1011.95
2021-12-30,-88.51,13461.12,9.617053017004043,12.704512512934604,28.83864791384483,-5.9084286192430575,26.818685696473672,6.002423310873711,4356.45,4971.77,1322.93,-266.84,2146.11,1019.21
