date,cash,value,SPY_qty,QQQ_qty,VEA_qty,GLD_qty,EEM_qty,BIL_qty,SPY,QQQ,VEA,GLD,EEM,BIL
2015-01-02,-9.98,9990.02,9.714319902015335,17.54080138334742,60.47608120337509,14.609630436965004,54.13108626312361,21.834016766812162,1666.67,1666.67,1666.67,1666.67,1666.67,1666.67
2015-01-05,-9.98,9894.16,9.714319902015335,17.54080138334742,60.47608120337509,14.609630436965004,54.13108626312361,21.834016766812162,1636.57,1642.22,1629.52,1691.8,1637.0,1667.03
2015-01-06,-9.98,9850.64,9.714319902015335,17.54080138334742,60.47608120337509,14.609630436965004,54.13108626312361,21.834016766812162,1621.15,1620.2,1611.39,1711.08,1630.13,1666.67
2015-01-07,-9.98,9934.14,9.714319902015335,17.54080138334742,60.47608120337509,14.609630436965004,54.13108626312361,21.834016766812162,1641.35,1641.09,1628.64,1701.0,1665.38,1666.67
2015-01-08,-9.98,10040.65,9.714319902015335,17.54080138334742,60.47608120337509,14.609630436965004,54.13108626312361,21.834016766812162,1670.48,1672.5,1653.4,1693.84,1693.75,1666.67
2015-01-09,-9.98,10021.99,9.714319902015335,17.54080138334742,60.47608120337509,14.609630436965004,54.13108626312361,21.834016766812162,1657.09,1661.49,1645.44,1713.13,1688.16,1666.67
2015-01-12,-9.98,9995.15,9.714319902015335,17.54080138334742,60.47608120337509,14.609630436965004,54.13108626312361,21.834016766812162,1644.11,1644.16,1643.67,1732.12,1674.4,1666.67
2015-01-13,-9.98,10006.78,9.714319902015335,17.54080138334742,60.47608120337509,14.609630436965004,54.13108626312361,21.834016766812162,1639.49,1643.68,1651.63,1726.27,1689.02,1666.67
2015-01-14,-9.98,9971.16,9.714319902015335,17.54080138334742,60.47608120337509,14.609630436965004,54.13108626312361,21.834016766812162,1629.59,1634.61,1647.21,1723.5,1679.56,1666.67
2015-01-15,-9.98,9991.56,9.714319902015335,17.54080138334742,60.47608120337509,14.609630436965004,54.13108626312361,21.834016766812162,1614.66,1613.4,1656.5,1766.89,1683.43,1666.67
2015-01-16,-9.98,10087.08,9.714319902015335,17.54080138334742,60.47608120337509,14.609630436965004,54.13108626312361,21.834016766812162,1635.84,1632.34,1674.63,1789.97,1697.62,1666.67
2015-01-20,-9.98,10133.01,9.714319902015335,17.54080138334742,60.47608120337509,14.609630436965004,54.13108626312361,21.834016766812162,1639.33,1645.3,1682.14,1814.52,1695.04,1666.67
2015-01-21,-9.98,10200.29,9.714319902015335,17.54080138334742,60.47608120337509,14.609630436965004,54.13108626312361,21.834016766812162,1647.6,1653.71,1694.53,1814.95,1732.44,1667.03
2015-01-22,-9.98,10308.92,9.714319902015335,17.54080138334742,60.47608120337509,14.609630436965004,54.13108626312361,21.834016766812162,1672.1,1684.31,1700.72,1829.56,1765.54,1666.67
2015-01-23,-9.98,10265.74,9.714319902015335,17.54080138334742,60.47608120337509,14.609630436965004,54.13108626312361,21.834016766812162,1662.93,1688.04,1690.55,1814.95,1752.21,1667.03
2015-01-26,-9.98,10272.99,9.714319902015335,17.54080138334742,60.47608120337509,14.609630436965004,54.13108626312361,21.834016766812162,1666.83,1686.1,1713.1,1796.84,1753.07,1667.03
2015-01-27,-9.98,10219.75,9.714319902015335,17.54080138334742,60.47608120337509,14.609630436965004,54.13108626312361,21.834016766812162,1644.84,1642.38,1714.42,1817.44,1743.62,1667.03
2015-01-28,-9.98,10134.09,9.714319902015335,17.54080138334742,60.47608120337509,14.609630436965004,54.13108626312361,21.834016766812162,1623.75,1633.96,1691.87,1803.12,1724.7,1666.67
2015-01-29,-9.98,10148.94,9.714319902015335,17.54080138334742,60.47608120337509,14.609630436965004,54.13108626312361,21.834016766812162,1638.76,1649.67,1714.87,1764.26,1724.7,1666.67
2015-01-30,-9.98,10079.69,9.714319902015335,17.54080138334742,60.47608120337509,14.609630436965004,54.13108626312361,21.834016766812162,1618.15,1636.88,1687.01,1803.56,1677.41,1666.67
2015-02-02,-9.98,10151.13,9.714319902015335,17.54080138334742,60.47608120337509,14.609630436965004,54.13108626312361,21.834016766812162,1638.19,1651.12,1709.12,1788.51,1707.51,1666.67
2015-02-03,-9.98,10227.6,9.714319902015335,17.54080138334742,60.47608120337509,14.609630436965004,54.13108626312361,21.834016766812162,1661.88,1666.99,1733.44,1768.5,1739.75,1667.03
2015-02-04,-9.98,10206.22,9.714319902015335,17.54080138334742,60.47608120337509,14.609630436965004,54.13108626312361,21.834016766812162,1655.55,1665.53,1721.06,1776.24,1731.15,1666.67
2015-02-05,-9.98,10268.86,9.714319902015335,17.54080138334742,60.47608120337509,14.609630436965004,54.13108626312361,21.834016766812162,1672.26,1679.94,1739.19,1779.31,1741.47,1666.67
2015-02-06,-9.98,10157.57,9.714319902015335,17.54080138334742,60.47608120337509,14.609630436965004,54.13108626312361,21.834016766812162,1667.64,1669.74,1718.4,1733.29,1711.8,1666.67
2015-02-09,-9.98,10141.6,9.714319902015335,17.54080138334742,60.47608120337509,14.609630436965004,54.13108626312361,21.834016766812162,1660.18,1664.4,1710.44,1741.03,1709.23,1666.3
2015-02-10,-9.98,10185.62,9.714319902015335,17.54080138334742,60.47608120337509,14.609630436965004,54.13108626312361,21.834016766812162,1677.86,1690.31,1725.04,1730.8,1704.93,1666.67
2015-02-11,-9.98,10150.18,9.714319902015335,17.54080138334742,60.47608120337509,14.609630436965004,54.13108626312361,21.834016766812162,1678.84,1696.46,1715.75,1710.35,1692.46,1666.3
2015-02-12,-9.98,10252.66,9.714319902015335,17.54080138334742,60.47608120337509,14.609630436965004,54.13108626312361,21.834016766812162,1694.98,1716.21,1742.28,1714.29,1728.57,1666.3
2015-02-13,-9.98,10316.24,9.714319902015335,17.54080138334742,60.47608120337509,14.609630436965004,54.13108626312361,21.834016766812162,1701.96,1730.94,1754.67,1723.64,1748.34,1666.67
2015-02-17,-9.98,10291.87,9.714319902015335,17.54080138334742,60.47608120337509,14.609630436965004,54.13108626312361,21.834016766812162,1704.64,1732.56,1758.64,1694.86,1744.48,1666.67
2015-02-18,-9.98,10310.79,9.714319902015335,17.54080138334742,60.47608120337509,14.609630436965004,54.13108626312361,21.834016766812162,1704.8,1734.99,1770.58,1699.68,1744.05,1666.67
2015-02-19,-9.98,10305.89,9.714319902015335,17.54080138334742,60.47608120337509,14.609630436965004,54.13108626312361,21.834016766812162,1703.58,1743.57,1771.47,1693.84,1736.74,1666.67
2015-02-20,-9.98,10347.06,9.714319902015335,17.54080138334742,60.47608120337509,14.609630436965004,54.13108626312361,21.834016766812162,1713.8,1755.23,1789.16,1684.2,1748.34,1666.3
2015-02-23,-9.98,10326.45,9.714319902015335,17.54080138334742,60.47608120337509,14.609630436965004,54.13108626312361,21.834016766812162,1713.56,1757.01,1782.08,1686.39,1730.72,1666.67
2015-02-24,-9.98,10365.31,9.714319902015335,17.54080138334742,60.47608120337509,14.609630436965004,54.13108626312361,21.834016766812162,1718.43,1758.31,1792.69,1683.91,1755.65,1666.3
2015-02-25,-9.98,10364.6,9.714319902015335,17.54080138334742,60.47608120337509,14.609630436965004,54.13108626312361,21.834016766812162,1716.97,1753.93,1794.46,1690.33,1752.21,1666.67
2015-02-26,-9.98,10372.08,9.714319902015335,17.54080138334742,60.47608120337509,14.609630436965004,54.13108626312361,21.834016766812162,1714.94,1762.84,1789.6,1695.74,1752.64,1666.3
2015-02-27,-9.98,10360.19,9.714319902015335,17.54080138334742,60.47608120337509,14.609630436965004,54.13108626312361,21.834016766812162,1709.1,1755.07,1790.93,1697.05,1751.35,1666.67
2015-03-02,-9.98,10379.54,9.714319902015335,17.54080138334742,60.47608120337509,14.609630436965004,54.13108626312361,21.834016766812162,1719.89,1770.94,1793.58,1690.04,1748.77,1666.3
2015-03-03,-9.98,10338.02,9.714319902015335,17.54080138334742,60.47608120337509,14.609630436965004,54.13108626312361,21.834016766812162,1712.83,1762.68,1783.41,1686.97,1735.45,1666.67
2015-03-04,-9.98,10291.87,9.714319902015335,17.54080138334742,60.47608120337509,14.609630436965004,54.13108626312361,21.834016766812162,1705.61,1755.88,1775.45,1681.71,1716.53,1666.67
2015-03-05,-9.98,10298.37,9.714319902015335,17.54080138334742,60.47608120337509,14.609630436965004,54.13108626312361,21.834016766812162,1707.48,1758.95,1781.2,1680.11,1713.95,1666.67
2015-03-06,-9.98,10158.11,9.714319902015335,17.54080138334742,60.47608120337509,14.609630436965004,54.13108626312361,21.834016766812162,1683.46,1739.04,1757.32,1634.23,1687.73,1666.3
2015-03-09,-9.98,10166.51,9.714319902015335,17.54080138334742,60.47608120337509,14.609630436965004,54.13108626312361,21.834016766812162,1690.44,1744.06,1758.2,1635.84,1681.28,1666.67
2015-03-10,-9.98,10024.57,9.714319902015335,17.54080138334742,60.47608120337509,14.609630436965004,54.13108626312361,21.834016766812162,1663.02,1711.68,1721.5,1627.8,1643.88,1666.67
2015-03-11,-9.98,10017.9,9.714319902015335,17.54080138334742,60.47608120337509,14.609630436965004,54.13108626312361,21.834016766812162,1659.12,1701.8,1725.92,1618.02,1656.35,1666.67
2015-03-12,-9.98,10080.9,9.714319902015335,17.54080138334742,60.47608120337509,14.609630436965004,54.13108626312361,21.834016766812162,1680.22,1712.97,1747.15,1617.58,1666.67,1666.3
2015-03-13,-9.98,10035.04,9.714319902015335,17.54080138334742,60.47608120337509,14.609630436965004,54.13108626312361,21.834016766812162,1669.91,1705.52,1736.53,1619.92,1646.46,1666.67
2015-03-16,-9.98,10117.58,9.714319902015335,17.54080138334742,60.47608120337509,14.609630436965004,54.13108626312361,21.834016766812162,1692.22,1727.54,1755.99,1618.89,1666.24,1666.67
2015-03-17,-9.98,10124.11,9.714319902015335,17.54080138334742,60.47608120337509,14.609630436965004,54.13108626312361,21.834016766812162,1687.19,1730.3,1754.22,1610.13,1685.58,1666.67
2015-03-18,-9.98,10270.48,9.714319902015335,17.54080138334742,60.47608120337509,14.609630436965004,54.13108626312361,21.834016766812162,1707.48,1747.3,1790.48,1641.68,1726.85,1666.67
2015-03-19,-9.98,10213.21,9.714319902015335,17.54080138334742,60.47608120337509,14.609630436965004,54.13108626312361,21.834016766812162,1699.69,1749.89,1768.82,1640.52,1697.62,1666.67
2015-03-20,-9.98,10321.63,9.714319902015335,17.54080138334742,60.47608120337509,14.609630436965004,54.13108626312361,21.834016766812162,1714.69,1761.21,1806.84,1659.22,1722.98,1666.67
2015-03-23,-9.98,10338.6,9.714319902015335,17.54080138334742,60.47608120337509,14.609630436965004,54.13108626312361,21.834016766812162,1711.35,1757.81,1815.25,1669.73,1728.14,1666.3
2015-03-24,-9.98,10332.22,9.714319902015335,17.54080138334742,60.47608120337509,14.609630436965004,54.13108626312361,21.834016766812162,1701.73,1751.48,1813.48,1673.83,1735.02,1666.67
2015-03-25,-9.98,10231.93,9.714319902015335,17.54080138334742,60.47608120337509,14.609630436965004,54.13108626312361,21.834016766812162,1676.8,1711.39,1803.75,1676.16,1707.51,1666.3
2015-03-26,-9.98,10202.49,9.714319902015335,17.54080138334742,60.47608120337509,14.609630436965004,54.13108626312361,21.834016766812162,1672.8,1705.55,1789.09,1687.12,1691.6,1666.3
2015-03-27,-9.98,10215.73,9.714319902015335,17.54080138334742,60.47608120337509,14.609630436965004,54.13108626312361,21.834016766812162,1676.63,1712.37,1793.09,1680.98,1696.33,1666.3
2015-03-30,-9.98,10270.32,9.714319902015335,17.54080138334742,60.47608120337509,14.609630436965004,54.13108626312361,21.834016766812162,1697.09,1732.0,1794.42,1661.85,1729.0,1665.94
2015-03-31,-9.98,10207.38,9.714319902015335,17.54080138334742,60.47608120337509,14.609630436965004,54.13108626312361,21.834016766812162,1682.26,1713.67,1769.11,1660.53,1725.13,1666.67
2015-04-01,-9.98,10254.05,9.714319902015335,17.54080138334742,60.47608120337509,14.609630436965004,54.13108626312361,21.834016766812162,1676.31,1704.74,1781.54,1688.87,1746.62,1665.94
2015-04-02,-9.98,10296.45,9.714319902015335,17.54080138334742,60.47608120337509,14.609630436965004,54.13108626312361,21.834016766812162,1682.34,1705.88,1794.87,1684.2,1772.85,1666.3
2015-04-06,-9.98,10382.44,9.714319902015335,17.54080138334742,60.47608120337509,14.609630436965004,54.13108626312361,21.834016766812162,1693.66,1719.83,1812.19,1704.8,1795.63,1666.3
2015-04-07,-9.98,10357.9,9.714319902015335,17.54080138334742,60.47608120337509,14.609630436965004,54.13108626312361,21.834016766812162,1689.18,1716.91,1812.19,1696.32,1786.6,1666.67
2015-04-08,-9.98,10413.73,9.714319902015335,17.54080138334742,60.47608120337509,14.609630436965004,54.13108626312361,21.834016766812162,1694.89,1730.54,1820.63,1686.97,1824.0,1666.67
2015-04-09,-9.98,10440.76,9.714319902015335,17.54080138334742,60.47608120337509,14.609630436965004,54.13108626312361,21.834016766812162,1702.38,1741.42,1823.29,1675.29,1842.06,1666.3
2015-04-10,-9.98,10481.03,9.714319902015335,17.54080138334742,60.47608120337509,14.609630436965004,54.13108626312361,21.834016766812162,1711.67,1748.56,1826.85,1694.28,1843.35,1666.3
2015-04-13,-9.98,10435.9,9.714319902015335,17.54080138334742,60.47608120337509,14.609630436965004,54.13108626312361,21.834016766812162,1703.93,1744.18,1817.08,1682.15,1832.6,1665.94
2015-04-14,-9.98,10446.2,9.714319902015335,17.54080138334742,60.47608120337509,14.609630436965004,54.13108626312361,21.834016766812162,1707.19,1739.14,1830.84,1671.93,1840.77,1666.3
2015-04-15,-9.98,10500.17,9.714319902015335,17.54080138334742,60.47608120337509,14.609630436965004,54.13108626312361,21.834016766812162,1714.85,1750.02,1839.28,1686.39,1853.67,1665.94
2015-04-16,-9.98,10510.82,9.714319902015335,17.54080138334742,60.47608120337509,14.609630436965004,54.13108626312361,21.834016766812162,1714.36,1747.58,1843.73,1680.55,1868.28,1666.3
2015-04-17,-9.98,10416.92,9.714319902015335,17.54080138334742,60.47608120337509,14.609630436965004,54.13108626312361,21.834016766812162,1694.64,1720.32,1821.52,1688.87,1835.61,1665.94
2015-04-20,-9.98,10446.74,9.714319902015335,17.54080138334742,60.47608120337509,14.609630436965004,54.13108626312361,21.834016766812162,1710.13,1746.12,1824.63,1676.02,1833.89,1665.94
2015-04-21,-9.98,10488.47,9.714319902015335,17.54080138334742,60.47608120337509,14.609630436965004,54.13108626312361,21.834016766812162,1708.09,1753.59,1840.17,1685.66,1844.64,1666.3
2015-04-22,-9.98,10507.2,9.714319902015335,17.54080138334742,60.47608120337509,14.609630436965004,54.13108626312361,21.834016766812162,1716.48,1763.16,1844.17,1663.01,1864.41,1665.94
2015-04-23,-9.98,10552.05,9.714319902015335,17.54080138334742,60.47608120337509,14.609630436965004,54.13108626312361,21.834016766812162,1720.8,1769.81,1852.16,1675.14,1878.17,1665.94
2015-04-24,-9.98,10573.63,9.714319902015335,17.54080138334742,60.47608120337509,14.609630436965004,54.13108626312361,21.834016766812162,1724.79,1793.83,1862.38,1651.62,1885.05,1665.94
2015-04-27,-9.98,10610.01,9.714319902015335,17.54080138334742,60.47608120337509,14.609630436965004,54.13108626312361,21.834016766812162,1717.62,1789.29,1869.49,1684.93,1892.36,1666.3
2015-04-28,-9.98,10632.62,9.714319902015335,17.54080138334742,60.47608120337509,14.609630436965004,54.13108626312361,21.834016766812162,1723.08,1785.72,1872.6,1699.54,1895.37,1666.3
2015-04-29,-9.98,10562.28,9.714319902015335,17.54080138334742,60.47608120337509,14.609630436965004,54.13108626312361,21.834016766812162,1715.99,1774.52,1856.16,1687.56,1871.72,1666.3
2015-04-30,-9.98,10440.34,9.714319902015335,17.54080138334742,60.47608120337509,14.609630436965004,54.13108626312361,21.834016766812162,1698.8,1746.61,1837.51,1657.75,1843.35,1666.3
2015-05-01,-9.98,10502.46,9.714319902015335,17.54080138334742,60.47608120337509,14.609630436965004,54.13108626312361,21.834016766812162,1717.22,1769.65,1853.05,1652.06,1854.53,1665.94
2015-05-04,-9.98,10538.07,9.714319902015335,17.54080138334742,60.47608120337509,14.609630436965004,54.13108626312361,21.834016766812162,1722.11,1772.57,1854.83,1666.96,1865.27,1666.3
2015-05-05,-9.98,10445.95,9.714319902015335,17.54080138334742,60.47608120337509,14.609630436965004,54.13108626312361,21.834016766812162,1702.38,1743.69,1826.85,1671.63,1845.07,1666.3
2015-05-06,-9.98,10407.27,9.714319902015335,17.54080138334742,60.47608120337509,14.609630436965004,54.13108626312361,21.834016766812162,1695.38,1731.68,1830.84,1670.76,1822.28,1666.3
2015-05-07,-9.98,10401.52,9.714319902015335,17.54080138334742,60.47608120337509,14.609630436965004,54.13108626312361,21.834016766812162,1702.14,1742.06,1824.63,1657.02,1819.71,1665.94
2015-05-08,-9.98,10516.82,9.714319902015335,17.54080138334742,60.47608120337509,14.609630436965004,54.13108626312361,21.834016766812162,1724.55,1763.81,1864.16,1665.06,1842.92,1666.3
2015-05-11,-9.98,10460.92,9.714319902015335,17.54080138334742,60.47608120337509,14.609630436965004,54.13108626312361,21.834016766812162,1716.32,1756.99,1847.72,1658.63,1825.29,1665.94
2015-05-12,-9.98,10456.35,9.714319902015335,17.54080138334742,60.47608120337509,14.609630436965004,54.13108626312361,21.834016766812162,1711.19,1749.04,1847.72,1672.8,1819.28,1666.3
2015-05-13,-9.98,10506.96,9.714319902015335,17.54080138334742,60.47608120337509,14.609630436965004,54.13108626312361,21.834016766812162,1711.51,1752.61,1861.05,1702.75,1822.71,1666.3
2015-05-14,-9.98,10599.55,9.714319902015335,17.54080138334742,60.47608120337509,14.609630436965004,54.13108626312361,21.834016766812162,1729.36,1778.25,1883.26,1711.96,1840.77,1665.94
2015-05-15,-9.98,10622.95,9.714319902015335,17.54080138334742,60.47608120337509,14.609630436965004,54.13108626312361,21.834016766812162,1731.23,1778.25,1885.48,1717.07,1854.96,1665.94
2015-05-18,-9.98,10610.84,9.714319902015335,17.54080138334742,60.47608120337509,14.609630436965004,54.13108626312361,21.834016766812162,1736.61,1786.04,1879.26,1716.92,1836.04,1665.94
2015-05-19,-9.98,10580.41,9.714319902015335,17.54080138334742,60.47608120337509,14.609630436965004,54.13108626312361,21.834016766812162,1736.04,1784.1,1872.15,1693.11,1839.05,1665.94
2015-05-20,-9.98,10585.36,9.714319902015335,17.54080138334742,60.47608120337509,14.609630436965004,54.13108626312361,21.834016766812162,1734.82,1785.23,1875.71,1695.89,1837.76,1665.94
2015-05-21,-9.98,10598.1,9.714319902015335,17.54080138334742,60.47608120337509,14.609630436965004,54.13108626312361,21.834016766812162,1739.87,1794.48,1885.92,1690.19,1831.31,1666.3
2015-05-22,-9.98,10585.31,9.714319902015335,17.54080138334742,60.47608120337509,14.609630436965004,54.13108626312361,21.834016766812162,1735.71,1792.7,1874.37,1688.87,1837.33,1666.3
2015-05-26,-9.98,10460.58,9.714319902015335,17.54080138334742,60.47608120337509,14.609630436965004,54.13108626312361,21.834016766812162,1717.05,1772.09,1842.84,1664.18,1808.1,1666.3
2015-05-27,-9.98,10521.13,9.714319902015335,17.54080138334742,60.47608120337509,14.609630436965004,54.13108626312361,21.834016766812162,1733.35,1800.65,1858.38,1663.89,1808.53,1666.3
2015-05-28,-9.98,10489.01,9.714319902015335,17.54080138334742,60.47608120337509,14.609630436965004,54.13108626312361,21.834016766812162,1731.4,1796.59,1854.39,1665.79,1784.88,1665.94
2015-05-29,-9.98,10433.74,9.714319902015335,17.54080138334742,60.47608120337509,14.609630436965004,54.13108626312361,21.834016766812162,1720.64,1785.88,1836.62,1666.96,1767.69,1665.94
2015-06-01,-9.98,10430.47,9.714319902015335,17.54080138334742,60.47608120337509,14.609630436965004,54.13108626312361,21.834016766812162,1724.14,1791.88,1832.18,1665.5,1760.81,1665.94
2015-06-02,-9.98,10443.26,9.714319902015335,17.54080138334742,60.47608120337509,14.609630436965004,54.13108626312361,21.834016766812162,1722.43,1786.2,1838.4,1672.22,1767.69,1666.3
2015-06-03,-9.98,10442.84,9.714319902015335,17.54080138334742,60.47608120337509,14.609630436965004,54.13108626312361,21.834016766812162,1727.0,1791.56,1849.06,1660.24,1758.66,1666.3
2015-06-04,-9.98,10354.59,9.714319902015335,17.54080138334742,60.47608120337509,14.609630436965004,54.13108626312361,21.834016766812162,1712.41,1777.93,1827.74,1648.55,1732.01,1665.94
2015-06-05,-9.98,10310.95,9.714319902015335,17.54080138334742,60.47608120337509,14.609630436965004,54.13108626312361,21.834016766812162,1709.47,1773.71,1807.75,1639.78,1724.27,1665.94
2015-06-08,-9.98,10284.67,9.714319902015335,17.54080138334742,60.47608120337509,14.609630436965004,54.13108626312361,21.834016766812162,1698.96,1755.7,1805.97,1644.61,1723.84,1665.57
2015-06-09,-9.98,10264.62,9.714319902015335,17.54080138334742,60.47608120337509,14.609630436965004,54.13108626312361,21.834016766812162,1698.72,1752.78,1795.76,1648.26,1713.52,1665.57
2015-06-10,-9.98,10385.65,9.714319902015335,17.54080138334742,60.47608120337509,14.609630436965004,54.13108626312361,21.834016766812162,1719.09,1776.79,1833.07,1662.28,1738.46,1665.94
2015-06-11,-9.98,10383.29,9.714319902015335,17.54080138334742,60.47608120337509,14.609630436965004,54.13108626312361,21.834016766812162,1724.63,1779.39,1838.4,1654.69,1729.86,1666.3
2015-06-12,-9.98,10340.02,9.714319902015335,17.54080138334742,60.47608120337509,14.609630436965004,54.13108626312361,21.834016766812162,1711.43,1764.78,1823.74,1654.25,1729.86,1665.94
2015-06-15,-9.98,10300.7,9.714319902015335,17.54080138334742,60.47608120337509,14.609630436965004,54.13108626312361,21.834016766812162,1704.1,1756.02,1812.19,1661.55,1710.52,1666.3
2015-06-16,-9.98,10312.83,9.714319902015335,17.54080138334742,60.47608120337509,14.609630436965004,54.13108626312361,21.834016766812162,1713.39,1765.6,1811.75,1655.56,1710.94,1665.57
2015-06-17,-9.98,10334.37,9.714319902015335,17.54080138334742,60.47608120337509,14.609630436965004,54.13108626312361,21.834016766812162,1716.16,1770.46,1806.86,1663.31,1721.26,1666.3
2015-06-18,-9.98,10432.0,9.714319902015335,17.54080138334742,60.47608120337509,14.609630436965004,54.13108626312361,21.834016766812162,1734.0,1796.27,1824.18,1684.78,1737.17,1665.57
2015-06-19,-9.98,10393.45,9.714319902015335,17.54080138334742,60.47608120337509,14.609630436965004,54.13108626312361,21.834016766812162,1726.31,1787.39,1820.19,1681.86,1722.12,1665.57
2015-06-22,-9.98,10450.68,9.714319902015335,17.54080138334742,60.47608120337509,14.609630436965004,54.13108626312361,21.834016766812162,1735.15,1800.56,1851.72,1660.24,1747.06,1665.94
2015-06-23,-9.98,10465.91,9.714319902015335,17.54080138334742,60.47608120337509,14.609630436965004,54.13108626312361,21.834016766812162,1736.38,1802.02,1858.38,1649.28,1764.25,1665.57
2015-06-24,-9.98,10412.08,9.714319902015335,17.54080138334742,60.47608120337509,14.609630436965004,54.13108626312361,21.834016766812162,1723.77,1792.75,1843.28,1644.9,1751.78,1665.57
2015-06-25,-9.98,10394.97,9.714319902015335,17.54080138334742,60.47608120337509,14.609630436965004,54.13108626312361,21.834016766812162,1718.53,1789.17,1842.84,1642.71,1745.76,1665.94
2015-06-26,-9.98,10366.03,9.714319902015335,17.54080138334742,60.47608120337509,14.609630436965004,54.13108626312361,21.834016766812162,1718.2,1777.3,1841.17,1644.46,1729.31,1665.57
2015-06-29,-9.98,10201.99,9.714319902015335,17.54080138334742,60.47608120337509,14.609630436965004,54.13108626312361,21.834016766812162,1682.17,1735.34,1785.86,1651.91,1690.76,1665.94
2015-06-30,-9.98,10223.89,9.714319902015335,17.54080138334742,60.47608120337509,14.609630436965004,54.13108626312361,21.834016766812162,1685.69,1741.52,1783.16,1641.68,1715.88,1665.94
2015-07-01,-9.98,10255.92,9.714319902015335,17.54080138334742,60.47608120337509,14.609630436965004,54.13108626312361,21.834016766812162,1699.2,1755.34,1794.85,1635.99,1714.58,1665.94
2015-07-02,-9.98,10264.37,9.714319902015335,17.54080138334742,60.47608120337509,14.609630436965004,54.13108626312361,21.834016766812162,1697.64,1755.83,1799.35,1632.77,1722.81,1665.94
2015-07-06,-9.98,10174.9,9.714319902015335,17.54080138334742,60.47608120337509,14.609630436965004,54.13108626312361,21.834016766812162,1692.81,1751.76,1762.47,1637.16,1674.74,1665.94
2015-07-07,-9.98,10145.01,9.714319902015335,17.54080138334742,60.47608120337509,14.609630436965004,54.13108626312361,21.834016766812162,1703.46,1756.16,1762.02,1618.16,1649.62,1665.57
2015-07-08,-9.98,9991.22,9.714319902015335,17.54080138334742,60.47608120337509,14.609630436965004,54.13108626312361,21.834016766812162,1674.88,1725.58,1719.3,1622.98,1592.88,1665.57
2015-07-09,-9.98,10055.85,9.714319902015335,17.54080138334742,60.47608120337509,14.609630436965004,54.13108626312361,21.834016766812162,1677.91,1724.6,1747.18,1626.93,1623.63,1665.57
2015-07-10,-9.98,10199.43,9.714319902015335,17.54080138334742,60.47608120337509,14.609630436965004,54.13108626312361,21.834016766812162,1699.04,1750.95,1800.25,1628.83,1664.78,1665.57
2015-07-13,-9.98,10260.53,9.714319902015335,17.54080138334742,60.47608120337509,14.609630436965004,54.13108626312361,21.834016766812162,1717.79,1781.69,1807.89,1621.52,1676.04,1665.57
2015-07-14,-9.98,10292.03,9.714319902015335,17.54080138334742,60.47608120337509,14.609630436965004,54.13108626312361,21.834016766812162,1725.24,1793.4,1820.49,1617.87,1679.07,1665.94
2015-07-15,-9.98,10258.32,9.714319902015335,17.54080138334742,60.47608120337509,14.609630436965004,54.13108626312361,21.834016766812162,1724.67,1795.36,1813.29,1609.4,1660.01,1665.57
2015-07-16,-9.98,10327.77,9.714319902015335,17.54080138334742,60.47608120337509,14.609630436965004,54.13108626312361,21.834016766812162,1738.51,1820.73,1828.58,1603.55,1680.8,1665.57
2015-07-17,-9.98,10335.36,9.714319902015335,17.54080138334742,60.47608120337509,14.609630436965004,54.13108626312361,21.834016766812162,1739.98,1847.57,1825.88,1587.34,1678.64,1665.94
2015-07-20,-9.98,10292.36,9.714319902015335,17.54080138334742,60.47608120337509,14.609630436965004,54.13108626312361,21.834016766812162,1740.88,1853.91,1829.93,1544.24,1667.81,1665.57
2015-07-21,-9.98,10275.38,9.714319902015335,17.54080138334742,60.47608120337509,14.609630436965004,54.13108626312361,21.834016766812162,1734.0,1852.77,1824.98,1539.42,1668.24,1665.94
2015-07-22,-9.98,10203.48,9.714319902015335,17.54080138334742,60.47608120337509,14.609630436965004,54.13108626312361,21.834016766812162,1730.89,1831.79,1809.69,1531.09,1644.42,1665.57
2015-07-23,-9.98,10158.16,9.714319902015335,17.54080138334742,60.47608120337509,14.609630436965004,54.13108626312361,21.834016766812162,1721.15,1824.96,1803.85,1524.22,1628.4,1665.57
2015-07-24,-9.98,10094.96,9.714319902015335,17.54080138334742,60.47608120337509,14.609630436965004,54.13108626312361,21.834016766812162,1703.29,1807.07,1784.51,1539.12,1605.01,1665.94
2015-07-27,-9.98,10021.01,9.714319902015335,17.54080138334742,60.47608120337509,14.609630436965004,54.13108626312361,21.834016766812162,1693.39,1792.1,1773.27,1531.97,1574.7,1665.57
2015-07-28,-9.98,10097.66,9.714319902015335,17.54080138334742,60.47608120337509,14.609630436965004,54.13108626312361,21.834016766812162,1714.19,1807.55,1795.3,1534.3,1590.72,1665.57
2015-07-29,-9.98,10140.73,9.714319902015335,17.54080138334742,60.47608120337509,14.609630436965004,54.13108626312361,21.834016766812162,1725.98,1814.39,1801.6,1536.49,1606.31,1665.94
2015-07-30,-9.98,10119.68,9.714319902015335,17.54080138334742,60.47608120337509,14.609630436965004,54.13108626312361,21.834016766812162,1726.39,1823.01,1800.7,1523.35,1590.29,1665.94
2015-07-31,-9.98,10150.46,9.714319902015335,17.54080138334742,60.47608120337509,14.609630436965004,54.13108626312361,21.834016766812162,1723.77,1820.89,1809.24,1532.99,1607.61,1665.94
2015-08-03,-9.98,10094.58,9.714319902015335,17.54080138334742,60.47608120337509,14.609630436965004,54.13108626312361,21.834016766812162,1717.95,1815.2,1803.85,1520.86,1580.76,1665.94
2015-08-04,-9.98,10097.94,9.714319902015335,17.54080138334742,60.47608120337509,14.609630436965004,54.13108626312361,21.834016766812162,1714.6,1811.78,1805.65,1523.93,1586.39,1665.57
2015-08-05,-9.98,10121.9,9.714319902015335,17.54080138334742,60.47608120337509,14.609630436965004,54.13108626312361,21.834016766812162,1720.25,1825.77,1815.09,1518.38,1586.82,1665.57
2015-08-06,-9.98,10063.31,9.714319902015335,17.54080138334742,60.47608120337509,14.609630436965004,54.13108626312361,21.834016766812162,1706.16,1796.49,1806.99,1525.1,1572.96,1665.57
2015-08-07,-9.98,10058.89,9.714319902015335,17.54080138334742,60.47608120337509,14.609630436965004,54.13108626312361,21.834016766812162,1702.89,1794.22,1805.2,1528.9,1572.1,1665.57
2015-08-10,-9.98,10165.29,9.714319902015335,17.54080138334742,60.47608120337509,14.609630436965004,54.13108626312361,21.834016766812162,1724.34,1814.71,1827.23,1544.53,1598.52,1665.94
2015-08-11,-9.98,10070.13,9.714319902015335,17.54080138334742,60.47608120337509,14.609630436965004,54.13108626312361,21.834016766812162,1708.78,1791.45,1798.45,1552.42,1563.44,1665.57
2015-08-12,-9.98,10064.18,9.714319902015335,17.54080138334742,60.47608120337509,14.609630436965004,54.13108626312361,21.834016766812162,1710.83,1797.63,1786.76,1574.19,1539.18,1665.57
2015-08-13,-9.98,10043.08,9.714319902015335,17.54080138334742,60.47608120337509,14.609630436965004,54.13108626312361,21.834016766812162,1708.7,1794.71,1786.31,1561.19,1536.58,1665.57
2015-08-14,-9.98,10056.87,9.714319902015335,17.54080138334742,60.47608120337509,14.609630436965004,54.13108626312361,21.834016766812162,1714.92,1797.47,1789.46,1561.04,1538.75,1665.21
2015-08-17,-9.98,10065.01,9.714319902015335,17.54080138334742,60.47608120337509,14.609630436965004,54.13108626312361,21.834016766812162,1724.5,1812.43,1785.86,1565.13,1521.86,1665.21
2015-08-18,-9.98,10020.42,9.714319902015335,17.54080138334742,60.47608120337509,14.609630436965004,54.13108626312361,21.834016766812162,1719.51,1803.16,1771.92,1564.84,1505.4,1665.57
2015-08-19,-9.98,9983.34,9.714319902015335,17.54080138334742,60.47608120337509,14.609630436965004,54.13108626312361,21.834016766812162,1705.92,1791.29,1757.52,1585.88,1486.78,1665.94
2015-08-20,-9.98,9858.8,9.714319902015335,17.54080138334742,60.47608120337509,14.609630436965004,54.13108626312361,21.834016766812162,1670.29,1741.68,1714.35,1613.49,1463.39,1665.57
2015-08-21,-9.98,9654.26,9.714319902015335,17.54080138334742,60.47608120337509,14.609630436965004,54.13108626312361,21.834016766812162,1620.01,1665.56,1671.18,1623.57,1418.35,1665.57
2015-08-24,-9.98,9395.05,9.714319902015335,17.54080138334742,60.47608120337509,14.609630436965004,54.13108626312361,21.834016766812162,1551.8,1601.47,1614.96,1614.8,1356.42,1665.57
2015-08-25,-9.98,9384.27,9.714319902015335,17.54080138334742,60.47608120337509,14.609630436965004,54.13108626312361,21.834016766812162,1533.54,1595.46,1631.15,1594.79,1373.74,1665.57
2015-08-26,-9.98,9589.84,9.714319902015335,17.54080138334742,60.47608120337509,14.609630436965004,54.13108626312361,21.834016766812162,1592.42,1675.81,1673.43,1573.02,1419.22,1665.94
2015-08-27,-9.98,9757.03,9.714319902015335,17.54080138334742,60.47608120337509,14.609630436965004,54.13108626312361,21.834016766812162,1631.81,1718.26,1695.46,1573.9,1482.02,1665.57
2015-08-28,-9.98,9747.77,9.714319902015335,17.54080138334742,60.47608120337509,14.609630436965004,54.13108626312361,21.834016766812162,1631.89,1717.93,1690.97,1588.07,1462.96,1665.94
2015-08-31,-9.98,9705.04,9.714319902015335,17.54080138334742,60.47608120337509,14.609630436965004,54.13108626312361,21.834016766812162,1618.7,1696.63,1678.37,1589.82,1465.56,1665.94
2015-09-01,-9.98,9497.65,9.714319902015335,17.54080138334742,60.47608120337509,14.609630436965004,54.13108626312361,21.834016766812162,1570.39,1643.6,1623.51,1595.37,1408.82,1665.94
2015-09-02,-9.98,9610.51,9.714319902015335,17.54080138334742,60.47608120337509,14.609630436965004,54.13108626312361,21.834016766812162,1600.2,1689.96,1648.69,1586.9,1429.18,1665.57
2015-09-03,-9.98,9600.22,9.714319902015335,17.54080138334742,60.47608120337509,14.609630436965004,54.13108626312361,21.834016766812162,1601.34,1681.66,1650.94,1575.5,1434.81,1665.94
2015-09-04,-9.98,9470.74,9.714319902015335,17.54080138334742,60.47608120337509,14.609630436965004,54.13108626312361,21.834016766812162,1577.1,1661.66,1614.06,1570.39,1391.93,1665.57
2015-09-08,-9.98,9648.6,9.714319902015335,17.54080138334742,60.47608120337509,14.609630436965004,54.13108626312361,21.834016766812162,1616.74,1708.5,1660.83,1570.83,1436.11,1665.57
2015-09-09,-9.98,9573.82,9.714319902015335,17.54080138334742,60.47608120337509,14.609630436965004,54.13108626312361,21.834016766812162,1595.12,1689.31,1654.54,1550.52,1428.75,1665.57
2015-09-10,-9.98,9629.69,9.714319902015335,17.54080138334742,60.47608120337509,14.609630436965004,54.13108626312361,21.834016766812162,1603.8,1707.69,1665.33,1554.17,1443.47,1665.21
2015-09-11,-9.98,9648.74,9.714319902015335,17.54080138334742,60.47608120337509,14.609630436965004,54.13108626312361,21.834016766812162,1611.09,1717.12,1664.88,1550.96,1449.1,1665.57
2015-09-14,-9.98,9624.13,9.714319902015335,17.54080138334742,60.47608120337509,14.609630436965004,54.13108626312361,21.834016766812162,1605.11,1711.91,1652.74,1551.83,1446.94,1665.57
2015-09-15,-9.98,9685.32,9.714319902015335,17.54080138334742,60.47608120337509,14.609630436965004,54.13108626312361,21.834016766812162,1625.17,1732.08,1664.88,1547.16,1460.79,1665.21
2015-09-16,-9.98,9789.11,9.714319902015335,17.54080138334742,60.47608120337509,14.609630436965004,54.13108626312361,21.834016766812162,1639.26,1741.84,1688.72,1567.76,1496.31,1665.21
2015-09-17,-9.98,9799.58,9.714319902015335,17.54080138334742,60.47608120337509,14.609630436965004,54.13108626312361,21.834016766812162,1635.57,1742.49,1689.62,1583.83,1492.84,1665.21
2015-09-18,-9.98,9691.57,9.714319902015335,17.54080138334742,60.47608120337509,14.609630436965004,54.13108626312361,21.834016766812162,1608.85,1717.71,1649.14,1595.52,1465.13,1665.21
2015-09-21,-9.98,9693.09,9.714319902015335,17.54080138334742,60.47608120337509,14.609630436965004,54.13108626312361,21.834016766812162,1617.16,1723.09,1649.14,1585.58,1462.53,1665.57
2015-09-22,-9.98,9569.57,9.714319902015335,17.54080138334742,60.47608120337509,14.609630436965004,54.13108626312361,21.834016766812162,1596.17,1697.33,1610.46,1574.77,1435.24,1665.57
2015-09-23,-9.98,9543.64,9.714319902015335,17.54080138334742,60.47608120337509,14.609630436965004,54.13108626312361,21.834016766812162,1593.62,1698.63,1602.82,1581.05,1412.29,1665.21
2015-09-24,-9.98,9553.39,9.714319902015335,17.54080138334742,60.47608120337509,14.609630436965004,54.13108626312361,21.834016766812162,1587.85,1692.44,1597.42,1614.22,1406.23,1665.21
2015-09-25,-9.98,9540.39,9.714319902015335,17.54080138334742,60.47608120337509,14.609630436965004,54.13108626312361,21.834016766812162,1587.44,1678.09,1612.15,1604.28,1403.19,1665.21
2015-09-28,-9.98,9371.78,9.714319902015335,17.54080138334742,60.47608120337509,14.609630436965004,54.13108626312361,21.834016766812162,1547.6,1630.32,1580.98,1583.98,1373.31,1665.57
2015-09-29,-9.98,9361.11,9.714319902015335,17.54080138334742,60.47608120337509,14.609630436965004,54.13108626312361,21.834016766812162,1548.51,1621.84,1577.82,1577.55,1379.81,1665.57
2015-09-30,-9.98,9482.53,9.714319902015335,17.54080138334742,60.47608120337509,14.609630436965004,54.13108626312361,21.834016766812162,1577.4,1659.18,1609.89,1561.19,1419.65,1665.21
2015-10-01,-9.98,9504.93,9.714319902015335,17.54080138334742,60.47608120337509,14.609630436965004,54.13108626312361,21.834016766812162,1581.52,1666.68,1614.41,1559.29,1427.45,1665.57
2015-10-02,-9.98,9655.52,9.714319902015335,17.54080138334742,60.47608120337509,14.609630436965004,54.13108626312361,21.834016766812162,1605.14,1695.86,1641.06,1592.3,1465.56,1665.57
2015-10-05,-9.98,9769.38,9.714319902015335,17.54080138334742,60.47608120337509,14.609630436965004,54.13108626312361,21.834016766812162,1633.7,1720.16,1674.03,1589.09,1497.17,1665.21
2015-10-06,-9.98,9770.77,9.714319902015335,17.54080138334742,60.47608120337509,14.609630436965004,54.13108626312361,21.834016766812162,1628.11,1712.0,1675.84,1605.01,1494.57,1665.21
2015-10-07,-9.98,9851.75,9.714319902015335,17.54080138334742,60.47608120337509,14.609630436965004,54.13108626312361,21.834016766812162,1641.44,1722.28,1695.71,1602.68,1534.42,1665.21
2015-10-08,-9.98,9895.7,9.714319902015335,17.54080138334742,60.47608120337509,14.609630436965004,54.13108626312361,21.834016766812162,1656.26,1729.12,1709.72,1594.5,1550.88,1665.21
2015-10-09,-9.98,9939.03,9.714319902015335,17.54080138334742,60.47608120337509,14.609630436965004,54.13108626312361,21.834016766812162,1657.25,1736.95,1713.33,1619.77,1556.51,1665.21
2015-10-12,-9.98,9936.41,9.714319902015335,17.54080138334742,60.47608120337509,14.609630436965004,54.13108626312361,21.834016766812162,1658.81,1741.19,1710.17,1626.2,1544.81,1665.21
2015-10-13,-9.98,9877.29,9.714319902015335,17.54080138334742,60.47608120337509,14.609630436965004,54.13108626312361,21.834016766812162,1648.36,1729.94,1689.84,1634.23,1519.69,1665.21
2015-10-14,-9.98,9909.51,9.714319902015335,17.54080138334742,60.47608120337509,14.609630436965004,54.13108626312361,21.834016766812162,1640.45,1727.17,1692.55,1662.72,1531.39,1665.21
2015-10-15,-9.98,10023.89,9.714319902015335,17.54080138334742,60.47608120337509,14.609630436965004,54.13108626312361,21.834016766812162,1665.64,1755.54,1723.72,1655.13,1568.63,1665.21
2015-10-16,-9.98,10027.51,9.714319902015335,17.54080138334742,60.47608120337509,14.609630436965004,54.13108626312361,21.834016766812162,1673.22,1762.88,1722.82,1643.44,1569.93,1665.21
2015-10-19,-9.98,10008.32,9.714319902015335,17.54080138334742,60.47608120337509,14.609630436965004,54.13108626312361,21.834016766812162,1674.04,1772.98,1715.59,1636.57,1553.91,1665.21
2015-10-20,-9.98,10000.75,9.714319902015335,17.54080138334742,60.47608120337509,14.609630436965004,54.13108626312361,21.834016766812162,1671.9,1763.85,1709.72,1646.94,1553.47,1664.85
2015-10-21,-9.98,9941.5,9.714319902015335,17.54080138334742,60.47608120337509,14.609630436965004,54.13108626312361,21.834016766812162,1661.53,1753.09,1708.36,1632.33,1530.95,1665.21
2015-10-22,-9.98,10056.63,9.714319902015335,17.54080138334742,60.47608120337509,14.609630436965004,54.13108626312361,21.834016766812162,1689.6,1788.8,1728.69,1631.75,1562.57,1665.21
2015-10-23,-9.98,10147.34,9.714319902015335,17.54080138334742,60.47608120337509,14.609630436965004,54.13108626312361,21.834016766812162,1708.12,1838.86,1744.5,1628.97,1571.66,1665.21
2015-10-26,-9.98,10122.28,9.714319902015335,17.54080138334742,60.47608120337509,14.609630436965004,54.13108626312361,21.834016766812162,1703.92,1840.0,1738.18,1627.95,1557.37,1664.85
2015-10-27,-9.98,10093.27,9.714319902015335,17.54080138334742,60.47608120337509,14.609630436965004,54.13108626312361,21.834016766812162,1700.63,1843.75,1722.82,1631.6,1539.62,1664.85
2015-10-28,-9.98,10106.52,9.714319902015335,17.54080138334742,60.47608120337509,14.609630436965004,54.13108626312361,21.834016766812162,1719.97,1859.07,1732.3,1618.45,1521.86,1664.85
2015-10-29,-9.98,10060.18,9.714319902015335,17.54080138334742,60.47608120337509,14.609630436965004,54.13108626312361,21.834016766812162,1718.98,1856.14,1719.65,1602.97,1507.57,1664.85
2015-10-30,-9.98,10039.56,9.714319902015335,17.54080138334742,60.47608120337509,14.609630436965004,54.13108626312361,21.834016766812162,1711.57,1847.82,1718.3,1596.83,1510.17,1664.85
2015-11-02,-9.98,10116.9,9.714319902015335,17.54080138334742,60.47608120337509,14.609630436965004,54.13108626312361,21.834016766812162,1731.82,1868.69,1735.01,1586.46,1540.05,1664.85
2015-11-03,-9.98,10125.64,9.714319902015335,17.54080138334742,60.47608120337509,14.609630436965004,54.13108626312361,21.834016766812162,1736.84,1875.21,1735.01,1562.94,1560.4,1665.21
2015-11-04,-9.98,10081.57,9.714319902015335,17.54080138334742,60.47608120337509,14.609630436965004,54.13108626312361,21.834016766812162,1731.58,1875.38,1723.72,1548.18,1547.84,1664.85
2015-11-05,-9.98,10070.3,9.714319902015335,17.54080138334742,60.47608120337509,14.609630436965004,54.13108626312361,21.834016766812162,1729.85,1870.32,1721.46,1543.36,1550.44,1664.85
2015-11-06,-9.98,10018.42,9.714319902015335,17.54080138334742,60.47608120337509,14.609630436965004,54.13108626312361,21.834016766812162,1728.94,1871.63,1713.33,1520.86,1528.79,1664.85
2015-11-09,-9.98,9930.96,9.714319902015335,17.54080138334742,60.47608120337509,14.609630436965004,54.13108626312361,21.834016766812162,1712.81,1851.74,1695.26,1525.25,1490.68,1665.21
2015-11-10,-9.98,9919.66,9.714319902015335,17.54080138334742,60.47608120337509,14.609630436965004,54.13108626312361,21.834016766812162,1716.76,1847.01,1694.81,1522.03,1484.18,1664.85
2015-11-11,-9.98,9917.04,9.714319902015335,17.54080138334742,60.47608120337509,14.609630436965004,54.13108626312361,21.834016766812162,1710.01,1844.72,1702.94,1516.92,1487.21,1665.21
2015-11-12,-9.98,9840.9,9.714319902015335,17.54080138334742,60.47608120337509,14.609630436965004,54.13108626312361,21.834016766812162,1686.14,1826.79,1682.61,1517.21,1472.92,1665.21
2015-11-13,-9.98,9748.04,9.714319902015335,17.54080138334742,60.47608120337509,14.609630436965004,54.13108626312361,21.834016766812162,1667.21,1790.92,1669.51,1512.97,1452.57,1664.85
2015-11-16,-9.98,9849.74,9.714319902015335,17.54080138334742,60.47608120337509,14.609630436965004,54.13108626312361,21.834016766812162,1692.56,1816.68,1689.39,1515.16,1480.72,1665.21
2015-11-17,-9.98,9827.2,9.714319902015335,17.54080138334742,60.47608120337509,14.609630436965004,54.13108626312361,21.834016766812162,1691.32,1817.82,1691.65,1495.15,1476.39,1664.85
2015-11-18,-9.98,9922.52,9.714319902015335,17.54080138334742,60.47608120337509,14.609630436965004,54.13108626312361,21.834016766812162,1718.16,1852.71,1707.91,1496.46,1492.41,1664.85
2015-11-19,-9.98,9961.68,9.714319902015335,17.54080138334742,60.47608120337509,14.609630436965004,54.13108626312361,21.834016766812162,1716.68,1854.02,1716.94,1512.97,1505.83,1665.21
2015-11-20,-9.98,9984.8,9.714319902015335,17.54080138334742,60.47608120337509,14.609630436965004,54.13108626312361,21.834016766812162,1722.93,1866.57,1713.33,1506.11,1520.99,1664.85
2015-11-23,-9.98,9941.0,9.714319902015335,17.54080138334742,60.47608120337509,14.609630436965004,54.13108626312361,21.834016766812162,1720.96,1861.19,1702.94,1493.98,1506.7,1665.21
2015-11-24,-9.98,9961.3,9.714319902015335,17.54080138334742,60.47608120337509,14.609630436965004,54.13108626312361,21.834016766812162,1723.26,1859.56,1705.2,1503.92,1514.5,1664.85
2015-11-25,-9.98,9946.69,9.714319902015335,17.54080138334742,60.47608120337509,14.609630436965004,54.13108626312361,21.834016766812162,1723.02,1861.19,1707.91,1496.9,1502.8,1664.85
2015-11-27,-9.98,9900.59,9.714319902015335,17.54080138334742,60.47608120337509,14.609630436965004,54.13108626312361,21.834016766812162,1724.99,1863.8,1707.46,1479.23,1469.89,1665.21
2015-11-30,-9.98,9898.4,9.714319902015335,17.54080138334742,60.47608120337509,14.609630436965004,54.13108626312361,21.834016766812162,1717.83,1859.07,1705.2,1489.01,1472.05,1665.21
2015-12-01,-9.98,9968.04,9.714319902015335,17.54080138334742,60.47608120337509,14.609630436965004,54.13108626312361,21.834016766812162,1734.21,1877.66,1723.72,1494.27,1483.31,1664.85
2015-12-02,-9.98,9879.72,9.714319902015335,17.54080138334742,60.47608120337509,14.609630436965004,54.13108626312361,21.834016766812162,1716.51,1866.08,1705.65,1471.04,1465.56,1664.85
2015-12-03,-9.98,9823.69,9.714319902015335,17.54080138334742,60.47608120337509,14.609630436965004,54.13108626312361,21.834016766812162,1692.48,1834.45,1697.52,1486.68,1457.33,1665.21
2015-12-04,-9.98,9954.75,9.714319902015335,17.54080138334742,60.47608120337509,14.609630436965004,54.13108626312361,21.834016766812162,1725.49,1877.33,1709.72,1519.69,1467.29,1665.21
2015-12-07,-9.98,9877.84,9.714319902015335,17.54080138334742,60.47608120337509,14.609630436965004,54.13108626312361,21.834016766812162,1715.03,1868.86,1695.71,1499.97,1443.04,1665.21
2015-12-08,-9.98,9826.83,9.714319902015335,17.54080138334742,60.47608120337509,14.609630436965004,54.13108626312361,21.834016766812162,1703.51,1869.02,1669.97,1502.45,1427.01,1664.85
2015-12-09,-9.98,9766.61,9.714319902015335,17.54080138334742,60.47608120337509,14.609630436965004,54.13108626312361,21.834016766812162,1690.25,1840.65,1666.35,1499.53,1415.32,1664.48
2015-12-10,-9.98,9768.36,9.714319902015335,17.54080138334742,60.47608120337509,14.609630436965004,54.13108626312361,21.834016766812162,1694.62,1848.96,1665.9,1498.22,1405.79,1664.85
2015-12-11,-9.98,9632.28,9.714319902015335,17.54080138334742,60.47608120337509,14.609630436965004,54.13108626312361,21.834016766812162,1661.77,1806.41,1636.09,1506.4,1366.38,1665.21
2015-12-14,-9.98,9660.79,9.714319902015335,17.54080138334742,60.47608120337509,14.609630436965004,54.13108626312361,21.834016766812162,1670.17,1820.1,1639.7,1487.11,1388.47,1665.21
2015-12-15,-9.98,9712.65,9.714319902015335,17.54080138334742,60.47608120337509,14.609630436965004,54.13108626312361,21.834016766812162,1687.7,1831.19,1646.03,1483.17,1409.69,1664.85
2015-12-16,-9.98,9844.05,9.714319902015335,17.54080138334742,60.47608120337509,14.609630436965004,54.13108626312361,21.834016766812162,1712.4,1858.42,1679.45,1501.14,1437.41,1665.21
2015-12-17,-9.98,9719.6,9.714319902015335,17.54080138334742,60.47608120337509,14.609630436965004,54.13108626312361,21.834016766812162,1686.3,1831.35,1660.03,1468.27,1418.78,1664.85
2015-12-18,-9.98,9654.92,9.714319902015335,17.54080138334742,60.47608120337509,14.609630436965004,54.13108626312361,21.834016766812162,1656.26,1796.22,1642.41,1490.77,1414.02,1665.21
2015-12-21,-9.98,9725.92,9.714319902015335,17.54080138334742,60.47608120337509,14.609630436965004,54.13108626312361,21.834016766812162,1669.92,1816.18,1652.91,1506.98,1425.06,1664.85
2015-12-22,-9.98,9768.83,9.714319902015335,17.54080138334742,60.47608120337509,14.609630436965004,54.13108626312361,21.834016766812162,1685.08,1828.12,1665.18,1499.09,1436.5,1664.85
2015-12-23,-9.98,9846.39,9.714319902015335,17.54080138334742,60.47608120337509,14.609630436965004,54.13108626312361,21.834016766812162,1705.94,1841.69,1692.45,1494.71,1456.73,1664.85
2015-12-24,-9.98,9844.6,9.714319902015335,17.54080138334742,60.47608120337509,14.609630436965004,54.13108626312361,21.834016766812162,1703.13,1841.36,1687.91,1505.52,1451.45,1665.21
2015-12-28,-9.98,9812.85,9.714319902015335,17.54080138334742,60.47608120337509,14.609630436965004,54.13108626312361,21.834016766812162,1699.24,1840.38,1682.91,1494.13,1441.33,1664.85
2015-12-29,-9.98,9877.96,9.714319902015335,17.54080138334742,60.47608120337509,14.609630436965004,54.13108626312361,21.834016766812162,1717.37,1869.33,1700.63,1493.1,1442.65,1664.85
2015-12-30,-9.98,9805.02,9.714319902015335,17.54080138334742,60.47608120337509,14.609630436965004,54.13108626312361,21.834016766812162,1705.2,1852.48,1690.18,1481.71,1420.22,1665.21
2015-12-31,-9.98,9739.37,9.714319902015335,17.54080138334742,60.47608120337509,14.609630436965004,54.13108626312361,21.834016766812162,1688.14,1829.43,1668.82,1482.29,1415.82,1664.85
2016-01-04,-9.98,9634.72,9.714319902015335,17.54080138334742,60.47608120337509,14.609630436965004,54.13108626312361,21.834016766812162,1664.54,1790.83,1643.82,1503.18,1377.12,1665.21
2016-01-05,-9.98,9639.93,9.714319902015335,17.54080138334742,60.47608120337509,14.609630436965004,54.13108626312361,21.834016766812162,1667.36,1787.72,1642.0,1507.42,1380.2,1665.21
2016-01-06,-9.98,9566.38,9.714319902015335,17.54080138334742,60.47608120337509,14.609630436965004,54.13108626312361,21.834016766812162,1646.32,1770.55,1612.01,1529.19,1353.81,1664.48
2016-01-07,-9.98,9421.19,9.714319902015335,17.54080138334742,60.47608120337509,14.609630436965004,54.13108626312361,21.834016766812162,1606.83,1715.11,1581.56,1550.81,1312.02,1664.85
2016-01-08,-9.98,9349.01,9.714319902015335,17.54080138334742,60.47608120337509,14.609630436965004,54.13108626312361,21.834016766812162,1589.19,1701.04,1562.02,1543.95,1297.95,1664.85
2016-01-11,-9.98,9348.46,9.714319902015335,17.54080138334742,60.47608120337509,14.609630436965004,54.13108626312361,21.834016766812162,1590.76,1706.27,1568.83,1530.21,1297.51,1664.85
2016-01-12,-9.98,9382.7,9.714319902015335,17.54080138334742,60.47608120337509,14.609630436965004,54.13108626312361,21.834016766812162,1603.6,1726.06,1575.2,1522.47,1300.15,1665.21
2016-01-13,-9.98,9253.0,9.714319902015335,17.54080138334742,60.47608120337509,14.609630436965004,54.13108626312361,21.834016766812162,1563.6,1666.53,1551.56,1529.92,1286.51,1664.85
2016-01-14,-9.98,9323.85,9.714319902015335,17.54080138334742,60.47608120337509,14.609630436965004,54.13108626312361,21.834016766812162,1589.27,1702.02,1569.74,1505.08,1303.23,1664.48
2016-01-15,-9.98,9146.4,9.714319902015335,17.54080138334742,60.47608120337509,14.609630436965004,54.13108626312361,21.834016766812162,1555.16,1649.2,1515.21,1520.57,1251.77,1664.48
2016-01-19,-9.98,9182.62,9.714319902015335,17.54080138334742,60.47608120337509,14.609630436965004,54.13108626312361,21.834016766812162,1557.23,1652.79,1528.39,1519.11,1270.24,1664.85
2016-01-20,-9.98,9115.2,9.714319902015335,17.54080138334742,60.47608120337509,14.609630436965004,54.13108626312361,21.834016766812162,1537.27,1647.73,1493.39,1539.42,1242.53,1664.85
2016-01-21,-9.98,9143.76,9.714319902015335,17.54080138334742,60.47608120337509,14.609630436965004,54.13108626312361,21.834016766812162,1545.88,1649.36,1504.75,1541.17,1247.37,1665.21
2016-01-22,-9.98,9301.64,9.714319902015335,17.54080138334742,60.47608120337509,14.609630436965004,54.13108626312361,21.834016766812162,1577.6,1697.12,1548.38,1534.01,1290.03,1664.48
2016-01-25,-9.98,9224.49,9.714319902015335,17.54080138334742,60.47608120337509,14.609630436965004,54.13108626312361,21.834016766812162,1553.75,1671.93,1526.11,1549.79,1268.04,1664.85
2016-01-26,-9.98,9324.24,9.714319902015335,17.54080138334742,60.47608120337509,14.609630436965004,54.13108626312361,21.834016766812162,1574.95,1686.98,1553.84,1567.47,1286.51,1664.48
2016-01-27,-9.98,9256.88,9.714319902015335,17.54080138334742,60.47608120337509,14.609630436965004,54.13108626312361,21.834016766812162,1557.81,1644.95,1543.84,1573.31,1282.11,1664.85
2016-01-28,-9.98,9297.56,9.714319902015335,17.54080138334742,60.47608120337509,14.609630436965004,54.13108626312361,21.834016766812162,1565.92,1668.17,1549.75,1556.51,1302.35,1664.85
2016-01-29,-9.98,9445.96,9.714319902015335,17.54080138334742,60.47608120337509,14.609630436965004,54.13108626312361,21.834016766812162,1604.09,1703.0,1576.56,1562.5,1344.57,1665.21
2016-02-01,-9.98,9449.36,9.714319902015335,17.54080138334742,60.47608120337509,14.609630436965004,54.13108626312361,21.834016766812162,1603.52,1707.58,1573.38,1578.57,1331.82,1664.48
2016-02-02,-9.98,9305.54,9.714319902015335,17.54080138334742,60.47608120337509,14.609630436965004,54.13108626312361,21.834016766812162,1574.62,1670.62,1537.93,1579.15,1288.71,1664.48
2016-02-03,-9.98,9374.41,9.714319902015335,17.54080138334742,60.47608120337509,14.609630436965004,54.13108626312361,21.834016766812162,1584.06,1662.61,1551.56,1596.1,1325.22,1664.85
2016-02-04,-9.98,9409.68,9.714319902015335,17.54080138334742,60.47608120337509,14.609630436965004,54.13108626312361,21.834016766812162,1586.54,1662.44,1554.75,1615.39,1335.33,1665.21
2016-02-05,-9.98,9308.72,9.714319902015335,17.54080138334742,60.47608120337509,14.609630436965004,54.13108626312361,21.834016766812162,1556.32,1604.71,1531.57,1640.95,1319.94,1665.21
2016-02-08,-9.98,9239.18,9.714319902015335,17.54080138334742,60.47608120337509,14.609630436965004,54.13108626312361,21.834016766812162,1535.37,1580.18,1503.84,1663.01,1301.91,1664.85
2016-02-09,-9.98,9196.67,9.714319902015335,17.54080138334742,60.47608120337509,14.609630436965004,54.13108626312361,21.834016766812162,1535.45,1575.27,1487.48,1659.36,1283.87,1665.21
2016-02-10,-9.98,9215.99,9.714319902015335,17.54080138334742,60.47608120337509,14.609630436965004,54.13108626312361,21.834016766812162,1534.13,1581.33,1484.3,1672.22,1289.15,1664.85
2016-02-11,-9.98,9220.22,9.714319902015335,17.54080138334742,60.47608120337509,14.609630436965004,54.13108626312361,21.834016766812162,1514.17,1579.04,1464.76,1739.42,1267.6,1665.21
2016-02-12,-9.98,9310.05,9.714319902015335,17.54080138334742,60.47608120337509,14.609630436965004,54.13108626312361,21.834016766812162,1545.39,1603.08,1487.94,1729.2,1289.59,1664.85
2016-02-16,-9.98,9377.05,9.714319902015335,17.54080138334742,60.47608120337509,14.609630436965004,54.13108626312361,21.834016766812162,1571.47,1639.22,1516.57,1676.75,1318.18,1664.85
2016-02-17,-9.98,9503.44,9.714319902015335,17.54080138334742,60.47608120337509,14.609630436965004,54.13108626312361,21.834016766812162,1597.14,1676.35,1543.84,1687.12,1344.13,1664.85
2016-02-18,-9.98,9503.99,9.714319902015335,17.54080138334742,60.47608120337509,14.609630436965004,54.13108626312361,21.834016766812162,1590.6,1657.21,1536.57,1728.17,1336.21,1665.21
2016-02-19,-9.98,9488.9,9.714319902015335,17.54080138334742,60.47608120337509,14.609630436965004,54.13108626312361,21.834016766812162,1589.85,1662.12,1533.84,1717.8,1330.06,1665.21
2016-02-22,-9.98,9559.99,9.714319902015335,17.54080138334742,60.47608120337509,14.609630436965004,54.13108626312361,21.834016766812162,1612.87,1689.1,1552.47,1687.27,1363.04,1665.21
2016-02-23,-9.98,9481.79,9.714319902015335,17.54080138334742,60.47608120337509,14.609630436965004,54.13108626312361,21.834016766812162,1592.5,1661.3,1526.57,1712.54,1334.02,1664.85
2016-02-24,-9.98,9503.38,9.714319902015335,17.54080138334742,60.47608120337509,14.609630436965004,54.13108626312361,21.834016766812162,1599.79,1677.16,1522.02,1718.24,1330.94,1665.21
2016-02-25,-9.98,9566.02,9.714319902015335,17.54080138334742,60.47608120337509,14.609630436965004,54.13108626312361,21.834016766812162,1619.17,1693.68,1540.2,1722.77,1335.33,1664.85
2016-02-26,-9.98,9529.68,9.714319902015335,17.54080138334742,60.47608120337509,14.609630436965004,54.13108626312361,21.834016766812162,1615.44,1691.56,1534.75,1710.93,1322.14,1664.85
2016-02-29,-9.98,9529.14,9.714319902015335,17.54080138334742,60.47608120337509,14.609630436965004,54.13108626312361,21.834016766812162,1602.77,1676.35,1527.93,1733.29,1333.58,1665.21
2016-03-01,-9.98,9694.95,9.714319902015335,17.54080138334742,60.47608120337509,14.609630436965004,54.13108626312361,21.834016766812162,1640.45,1730.15,1567.47,1720.58,1381.08,1665.21
2016-03-02,-9.98,9745.29,9.714319902015335,17.54080138334742,60.47608120337509,14.609630436965004,54.13108626312361,21.834016766812162,1647.82,1730.81,1578.38,1733.87,1399.55,1664.85
2016-03-03,-9.98,9811.44,9.714319902015335,17.54080138334742,60.47608120337509,14.609630436965004,54.13108626312361,21.834016766812162,1654.27,1727.54,1595.19,1763.82,1415.38,1665.21
2016-03-04,-9.98,9855.12,9.714319902015335,17.54080138334742,60.47608120337509,14.609630436965004,54.13108626312361,21.834016766812162,1659.66,1728.19,1607.46,1761.04,1443.53,1665.21
2016-03-07,-9.98,9851.02,9.714319902015335,17.54080138334742,60.47608120337509,14.609630436965004,54.13108626312361,21.834016766812162,1660.98,1717.56,1606.1,1769.81,1441.33,1665.21
2016-03-08,-9.98,9767.75,9.714319902015335,17.54080138334742,60.47608120337509,14.609630436965004,54.13108626312361,21.834016766812162,1642.85,1703.33,1588.38,1761.63,1416.7,1664.85
2016-03-09,-9.98,9788.19,9.714319902015335,17.54080138334742,60.47608120337509,14.609630436965004,54.13108626312361,21.834016766812162,1650.96,1714.29,1595.19,1747.02,1425.5,1665.21
2016-03-10,-9.98,9815.79,9.714319902015335,17.54080138334742,60.47608120337509,14.609630436965004,54.13108626312361,21.834016766812162,1652.29,1711.67,1593.83,1775.07,1427.7,1665.21
2016-03-11,-9.98,9912.75,9.714319902015335,17.54080138334742,60.47608120337509,14.609630436965004,54.13108626312361,21.834016766812162,1678.95,1741.6,1635.19,1744.54,1457.61,1664.85
2016-03-14,-9.98,9878.61,9.714319902015335,17.54080138334742,60.47608120337509,14.609630436965004,54.13108626312361,21.834016766812162,1676.8,1744.54,1631.55,1722.04,1448.81,1664.85
2016-03-15,-9.98,9839.29,9.714319902015335,17.54080138334742,60.47608120337509,14.609630436965004,54.13108626312361,21.834016766812162,1674.07,1743.89,1614.98,1723.35,1428.14,1664.85
2016-03-16,-9.98,9948.78,9.714319902015335,17.54080138334742,60.47608120337509,14.609630436965004,54.13108626312361,21.834016766812162,1683.75,1759.43,1631.87,1761.78,1456.73,1665.21
2016-03-17,-9.98,9998.57,9.714319902015335,17.54080138334742,60.47608120337509,14.609630436965004,54.13108626312361,21.834016766812162,1694.43,1758.45,1646.93,1755.05,1488.84,1664.85
2016-03-18,-9.98,10008.34,9.714319902015335,17.54080138334742,60.47608120337509,14.609630436965004,54.13108626312361,21.834016766812162,1701.09,1761.2,1644.2,1750.23,1496.75,1664.85
2016-03-21,-9.98,10005.62,9.714319902015335,17.54080138334742,60.47608120337509,14.609630436965004,54.13108626312361,21.834016766812162,1703.51,1768.09,1641.0,1737.96,1499.83,1665.21
2016-03-22,-9.98,10009.89,9.714319902015335,17.54080138334742,60.47608120337509,14.609630436965004,54.13108626312361,21.834016766812162,1702.59,1773.5,1639.17,1743.07,1496.31,1665.21
2016-03-23,-9.98,9900.93,9.714319902015335,17.54080138334742,60.47608120337509,14.609630436965004,54.13108626312361,21.834016766812162,1691.36,1758.91,1621.37,1703.63,1470.8,1664.85
2016-03-24,-9.98,9882.93,9.714319902015335,17.54080138334742,60.47608120337509,14.609630436965004,54.13108626312361,21.834016766812162,1690.61,1759.4,1610.87,1699.54,1467.28,1665.21
2016-03-28,-9.98,9900.29,9.714319902015335,17.54080138334742,60.47608120337509,14.609630436965004,54.13108626312361,21.834016766812162,1691.61,1756.94,1620.92,1703.48,1472.12,1665.21
2016-03-29,-9.98,10015.11,9.714319902015335,17.54080138334742,60.47608120337509,14.609630436965004,54.13108626312361,21.834016766812162,1707.25,1785.15,1640.09,1735.04,1492.36,1665.21
2016-03-30,-9.98,10034.76,9.714319902015335,17.54080138334742,60.47608120337509,14.609630436965004,54.13108626312361,21.834016766812162,1714.74,1793.84,1652.41,1710.79,1507.75,1665.21
2016-03-31,-9.98,10019.94,9.714319902015335,17.54080138334742,60.47608120337509,14.609630436965004,54.13108626312361,21.834016766812162,1710.58,1791.22,1637.8,1718.68,1506.43,1665.21
2016-04-01,-9.98,10017.59,9.714319902015335,17.54080138334742,60.47608120337509,14.609630436965004,54.13108626312361,21.834016766812162,1722.23,1810.25,1619.55,1708.3,1502.03,1665.21
2016-04-04,-9.98,9972.05,9.714319902015335,17.54080138334742,60.47608120337509,14.609630436965004,54.13108626312361,21.834016766812162,1716.66,1803.36,1615.89,1696.91,1484.0,1665.21
2016-04-05,-9.98,9900.78,9.714319902015335,17.54080138334742,60.47608120337509,14.609630436965004,54.13108626312361,21.834016766812162,1699.51,1785.97,1585.77,1718.97,1454.97,1665.57
2016-04-06,-9.98,9981.34,9.714319902015335,17.54080138334742,60.47608120337509,14.609630436965004,54.13108626312361,21.834016766812162,1718.07,1815.33,1611.33,1708.45,1472.56,1665.57
2016-04-07,-9.98,9906.44,9.714319902015335,17.54080138334742,60.47608120337509,14.609630436965004,54.13108626312361,21.834016766812162,1697.51,1789.25,1588.51,1732.85,1443.09,1665.21
2016-04-08,-9.98,9962.64,9.714319902015335,17.54080138334742,60.47608120337509,14.609630436965004,54.13108626312361,21.834016766812162,1702.09,1787.94,1618.63,1730.22,1468.16,1665.57
2016-04-11,-9.98,9995.38,9.714319902015335,17.54080138334742,60.47608120337509,14.609630436965004,54.13108626312361,21.834016766812162,1698.1,1781.38,1620.0,1753.59,1487.08,1665.21
2016-04-12,-9.98,10073.93,9.714319902015335,17.54080138334742,60.47608120337509,14.609630436965004,54.13108626312361,21.834016766812162,1713.91,1796.3,1644.65,1753.89,1509.95,1665.21
2016-04-13,-9.98,10148.72,9.714319902015335,17.54080138334742,60.47608120337509,14.609630436965004,54.13108626312361,21.834016766812162,1731.22,1819.27,1670.67,1735.19,1536.78,1665.57
2016-04-14,-9.98,10119.06,9.714319902015335,17.54080138334742,60.47608120337509,14.609630436965004,54.13108626312361,21.834016766812162,1731.31,1819.43,1672.5,1710.93,1529.3,1665.57
2016-04-15,-9.98,10110.66,9.714319902015335,17.54080138334742,60.47608120337509,14.609630436965004,54.13108626312361,21.834016766812162,1729.39,1814.84,1667.93,1722.77,1520.5,1665.21
2016-04-18,-9.98,10152.33,9.714319902015335,17.54080138334742,60.47608120337509,14.609630436965004,54.13108626312361,21.834016766812162,1741.54,1824.52,1682.99,1720.14,1527.54,1665.57
2016-04-19,-9.98,10226.08,9.714319902015335,17.54080138334742,60.47608120337509,14.609630436965004,54.13108626312361,21.834016766812162,1747.04,1813.36,1712.21,1747.02,1550.85,1665.57
2016-04-20,-9.98,10213.72,9.714319902015335,17.54080138334742,60.47608120337509,14.609630436965004,54.13108626312361,21.834016766812162,1748.7,1814.84,1712.67,1738.11,1543.82,1665.57
2016-04-21,-9.98,10185.26,9.714319902015335,17.54080138334742,60.47608120337509,14.609630436965004,54.13108626312361,21.834016766812162,1739.3,1815.0,1702.62,1744.68,1528.42,1665.21
2016-04-22,-9.98,10125.27,9.714319902015335,17.54080138334742,60.47608120337509,14.609630436965004,54.13108626312361,21.834016766812162,1739.3,1787.61,1701.25,1722.33,1519.19,1665.57
2016-04-25,-9.98,10109.9,9.714319902015335,17.54080138334742,60.47608120337509,14.609630436965004,54.13108626312361,21.834016766812162,1736.3,1787.61,1693.95,1727.3,1509.51,1665.21
2016-04-26,-9.98,10133.68,9.714319902015335,17.54080138334742,60.47608120337509,14.609630436965004,54.13108626312361,21.834016766812162,1738.88,1778.92,1700.34,1734.16,1525.78,1665.57
2016-04-27,-9.98,10139.93,9.714319902015335,17.54080138334742,60.47608120337509,14.609630436965004,54.13108626312361,21.834016766812162,1742.46,1764.65,1703.08,1739.13,1535.02,1665.57
2016-04-28,-9.98,10097.92,9.714319902015335,17.54080138334742,60.47608120337509,14.609630436965004,54.13108626312361,21.834016766812162,1726.65,1743.32,1681.17,1772.0,1519.19,1665.57
2016-04-29,-9.98,10102.18,9.714319902015335,17.54080138334742,60.47608120337509,14.609630436965004,54.13108626312361,21.834016766812162,1717.32,1734.14,1675.69,1806.48,1512.59,1665.94
2016-05-02,-9.98,10136.07,9.714319902015335,17.54080138334742,60.47608120337509,14.609630436965004,54.13108626312361,21.834016766812162,1730.97,1750.54,1689.84,1800.49,1508.63,1665.57
2016-05-03,-9.98,10030.07,9.714319902015335,17.54080138334742,60.47608120337509,14.609630436965004,54.13108626312361,21.834016766812162,1715.91,1734.3,1661.54,1796.4,1465.97,1665.94
2016-05-04,-9.98,9954.19,9.714319902015335,17.54080138334742,60.47608120337509,14.609630436965004,54.13108626312361,21.834016766812162,1706.34,1723.15,1641.46,1785.44,1442.21,1665.57
2016-05-05,-9.98,9949.51,9.714319902015335,17.54080138334742,60.47608120337509,14.609630436965004,54.13108626312361,21.834016766812162,1706.0,1722.65,1640.09,1783.4,1441.77,1665.57
2016-05-06,-9.98,9987.37,9.714319902015335,17.54080138334742,60.47608120337509,14.609630436965004,54.13108626312361,21.834016766812162,1712.25,1731.84,1643.74,1799.61,1443.97,1665.94
2016-05-09,-9.98,9932.79,9.714319902015335,17.54080138334742,60.47608120337509,14.609630436965004,54.13108626312361,21.834016766812162,1713.66,1736.76,1638.26,1762.65,1425.5,1665.94
2016-05-10,-9.98,10034.17,9.714319902015335,17.54080138334742,60.47608120337509,14.609630436965004,54.13108626312361,21.834016766812162,1734.97,1760.55,1662.45,1767.47,1452.77,1665.94
2016-05-11,-9.98,10002.57,9.714319902015335,17.54080138334742,60.47608120337509,14.609630436965004,54.13108626312361,21.834016766812162,1718.74,1744.63,1650.59,1784.13,1449.25,1665.21
2016-05-12,-9.98,9976.0,9.714319902015335,17.54080138334742,60.47608120337509,14.609630436965004,54.13108626312361,21.834016766812162,1719.24,1736.92,1649.22,1770.1,1445.29,1665.21
2016-05-13,-9.98,9918.45,9.714319902015335,17.54080138334742,60.47608120337509,14.609630436965004,54.13108626312361,21.834016766812162,1704.26,1730.53,1630.96,1778.14,1419.34,1665.21
2016-05-16,-9.98,9995.47,9.714319902015335,17.54080138334742,60.47608120337509,14.609630436965004,54.13108626312361,21.834016766812162,1721.07,1752.18,1651.04,1779.45,1436.5,1665.21
2016-05-17,-9.98,9947.38,9.714319902015335,17.54080138334742,60.47608120337509,14.609630436965004,54.13108626312361,21.834016766812162,1705.01,1730.2,1641.46,1785.59,1429.9,1665.21
2016-05-18,-9.98,9908.06,9.714319902015335,17.54080138334742,60.47608120337509,14.609630436965004,54.13108626312361,21.834016766812162,1705.5,1736.43,1640.09,1754.62,1415.82,1665.57
2016-05-19,-9.98,9865.25,9.714319902015335,17.54080138334742,60.47608120337509,14.609630436965004,54.13108626312361,21.834016766812162,1699.6,1727.41,1629.13,1751.26,1402.63,1665.21
2016-05-20,-9.98,9922.18,9.714319902015335,17.54080138334742,60.47608120337509,14.609630436965004,54.13108626312361,21.834016766812162,1710.33,1746.44,1644.2,1748.92,1416.7,1665.57
2016-05-23,-9.98,9904.84,9.714319902015335,17.54080138334742,60.47608120337509,14.609630436965004,54.13108626312361,21.834016766812162,1708.0,1744.14,1638.72,1743.95,1414.07,1665.94
2016-05-24,-9.98,9965.54,9.714319902015335,17.54080138334742,60.47608120337509,14.609630436965004,54.13108626312361,21.834016766812162,1730.14,1779.08,1658.8,1713.71,1428.58,1665.21
2016-05-25,-9.98,10019.35,9.714319902015335,17.54080138334742,60.47608120337509,14.609630436965004,54.13108626312361,21.834016766812162,1741.88,1791.88,1675.23,1709.03,1445.73,1665.57
2016-05-26,-9.98,10032.58,9.714319902015335,17.54080138334742,60.47608120337509,14.609630436965004,54.13108626312361,21.834016766812162,1742.38,1797.12,1678.89,1703.19,1455.41,1665.57
2016-05-27,-9.98,10033.04,9.714319902015335,17.54080138334742,60.47608120337509,14.609630436965004,54.13108626312361,21.834016766812162,1749.87,1806.47,1676.6,1689.17,1454.97,1665.94
2016-05-31,-9.98,10035.41,9.714319902015335,17.54080138334742,60.47608120337509,14.609630436965004,54.13108626312361,21.834016766812162,1746.54,1809.92,1670.67,1695.59,1456.73,1665.94
2016-06-01,-9.98,10035.61,9.714319902015335,17.54080138334742,60.47608120337509,14.609630436965004,54.13108626312361,21.834016766812162,1750.12,1810.08,1669.76,1693.84,1455.85,1665.94
2016-06-02,-9.98,10052.73,9.714319902015335,17.54080138334742,60.47608120337509,14.609630436965004,54.13108626312361,21.834016766812162,1755.44,1813.86,1670.21,1689.9,1467.72,1665.57
2016-06-03,-9.98,10121.89,9.714319902015335,17.54080138334742,60.47608120337509,14.609630436965004,54.13108626312361,21.834016766812162,1750.2,1805.33,1683.45,1736.79,1490.16,1665.94
2016-06-06,-9.98,10165.55,9.714319902015335,17.54080138334742,60.47608120337509,14.609630436965004,54.13108626312361,21.834016766812162,1759.11,1811.89,1694.86,1737.38,1505.99,1666.3
2016-06-07,-9.98,10188.66,9.714319902015335,17.54080138334742,60.47608120337509,14.609630436965004,54.13108626312361,21.834016766812162,1761.85,1807.29,1707.64,1735.92,1519.63,1666.3
2016-06-08,-9.98,10239.7,9.714319902015335,17.54080138334742,60.47608120337509,14.609630436965004,54.13108626312361,21.834016766812162,1767.6,1810.41,1713.12,1761.63,1530.62,1666.3
2016-06-09,-9.98,10204.35,9.714319902015335,17.54080138334742,60.47608120337509,14.609630436965004,54.13108626312361,21.834016766812162,1765.18,1807.46,1691.67,1771.42,1513.03,1665.57
2016-06-10,-9.98,10090.36,9.714319902015335,17.54080138334742,60.47608120337509,14.609630436965004,54.13108626312361,21.834016766812162,1748.45,1786.95,1646.02,1778.58,1474.76,1665.57
2016-06-13,-9.98,10030.69,9.714319902015335,17.54080138334742,60.47608120337509,14.609630436965004,54.13108626312361,21.834016766812162,1734.97,1772.03,1622.29,1791.73,1454.09,1665.57
2016-06-14,-9.98,10001.29,9.714319902015335,17.54080138334742,60.47608120337509,14.609630436965004,54.13108626312361,21.834016766812162,1731.56,1772.03,1599.24,1793.62,1449.25,1665.57
2016-06-15,-9.98,10033.13,9.714319902015335,17.54080138334742,60.47608120337509,14.609630436965004,54.13108626312361,21.834016766812162,1729.14,1766.94,1609.88,1806.92,1464.65,1665.57
2016-06-16,-9.98,10020.09,9.714319902015335,17.54080138334742,60.47608120337509,14.609630436965004,54.13108626312361,21.834016766812162,1734.3,1772.19,1610.35,1787.93,1459.37,1665.94
2016-06-17,-9.98,10034.66,9.714319902015335,17.54080138334742,60.47608120337509,14.609630436965004,54.13108626312361,21.834016766812162,1727.84,1751.42,1625.62,1810.86,1463.33,1665.57
2016-06-20,-9.98,10110.26,9.714319902015335,17.54080138334742,60.47608120337509,14.609630436965004,54.13108626312361,21.834016766812162,1738.97,1762.44,1663.56,1800.05,1489.28,1665.94
2016-06-21,-9.98,10110.56,9.714319902015335,17.54080138334742,60.47608120337509,14.609630436965004,54.13108626312361,21.834016766812162,1743.91,1768.03,1676.52,1765.43,1500.71,1665.94
2016-06-22,-9.98,10105.35,9.714319902015335,17.54080138334742,60.47608120337509,14.609630436965004,54.13108626312361,21.834016766812162,1741.06,1763.75,1673.74,1766.3,1504.52,1665.94
2016-06-23,-9.98,10221.95,9.714319902015335,17.54080138334742,60.47608120337509,14.609630436965004,54.13108626312361,21.834016766812162,1763.74,1788.92,1717.7,1754.76,1540.87,1665.94
2016-06-24,-9.98,9936.41,9.714319902015335,17.54080138334742,60.47608120337509,14.609630436965004,54.13108626312361,21.834016766812162,1700.4,1715.24,1577.03,1840.81,1447.34,1665.57
2016-06-27,-9.98,9832.69,9.714319902015335,17.54080138334742,60.47608120337509,14.609630436965004,54.13108626312361,21.834016766812162,1669.95,1681.19,1546.49,1850.75,1428.72,1665.57
2016-06-28,-9.98,9963.08,9.714319902015335,17.54080138334742,60.47608120337509,14.609630436965004,54.13108626312361,21.834016766812162,1700.07,1718.03,1587.67,1830.88,1470.83,1665.57
2016-06-29,-9.98,10095.98,9.714319902015335,17.54080138334742,60.47608120337509,14.609630436965004,54.13108626312361,21.834016766812162,1729.02,1748.46,1616.36,1838.48,1508.07,1665.57
2016-06-30,-9.98,10183.97,9.714319902015335,17.54080138334742,60.47608120337509,14.609630436965004,54.13108626312361,21.834016766812162,1752.61,1768.69,1636.26,1847.68,1523.14,1665.57
2016-07-01,-9.98,10243.94,9.714319902015335,17.54080138334742,60.47608120337509,14.609630436965004,54.13108626312361,21.834016766812162,1756.29,1777.57,1639.96,1876.02,1537.77,1666.3
2016-07-05,-9.98,10170.74,9.714319902015335,17.54080138334742,60.47608120337509,14.609630436965004,54.13108626312361,21.834016766812162,1743.66,1766.72,1607.57,1891.51,1504.97,1666.3
2016-07-06,-9.98,10202.88,9.714319902015335,17.54080138334742,60.47608120337509,14.609630436965004,54.13108626312361,21.834016766812162,1754.11,1781.19,1608.03,1902.61,1500.98,1665.94
2016-07-07,-9.98,10189.33,9.714319902015335,17.54080138334742,60.47608120337509,14.609630436965004,54.13108626312361,21.834016766812162,1753.03,1786.45,1601.09,1895.45,1496.99,1666.3
2016-07-08,-9.98,10308.67,9.714319902015335,17.54080138334742,60.47608120337509,14.609630436965004,54.13108626312361,21.834016766812162,1779.13,1814.08,1623.3,1906.85,1529.35,1665.94
2016-07-11,-9.98,10344.54,9.714319902015335,17.54080138334742,60.47608120337509,14.609630436965004,54.13108626312361,21.834016766812162,1785.41,1824.44,1645.51,1888.88,1543.98,1666.3
2016-07-12,-9.98,10379.58,9.714319902015335,17.54080138334742,60.47608120337509,14.609630436965004,54.13108626312361,21.834016766812162,1798.37,1833.65,1668.65,1857.61,1565.7,1665.57
2016-07-13,-9.98,10388.3,9.714319902015335,17.54080138334742,60.47608120337509,14.609630436965004,54.13108626312361,21.834016766812162,1798.12,1829.21,1667.26,1874.71,1563.04,1665.94
2016-07-14,-9.98,10433.7,9.714319902015335,17.54080138334742,60.47608120337509,14.609630436965004,54.13108626312361,21.834016766812162,1808.16,1841.71,1681.61,1860.24,1585.65,1666.3
2016-07-15,-9.98,10408.91,9.714319902015335,17.54080138334742,60.47608120337509,14.609630436965004,54.13108626312361,21.834016766812162,1805.74,1838.75,1673.28,1853.09,1582.1,1665.94
2016-07-18,-9.98,10446.74,9.714319902015335,17.54080138334742,60.47608120337509,14.609630436965004,54.13108626312361,21.834016766812162,1810.59,1850.92,1676.98,1856.01,1596.29,1665.94
2016-07-19,-9.98,10411.19,9.714319902015335,17.54080138334742,60.47608120337509,14.609630436965004,54.13108626312361,21.834016766812162,1808.75,1844.18,1663.56,1858.49,1579.88,1666.3
2016-07-20,-9.98,10433.68,9.714319902015335,17.54080138334742,60.47608120337509,14.609630436965004,54.13108626312361,21.834016766812162,1816.28,1865.72,1675.59,1831.9,1587.86,1666.3
2016-07-21,-9.98,10441.41,9.714319902015335,17.54080138334742,60.47608120337509,14.609630436965004,54.13108626312361,21.834016766812162,1809.42,1861.45,1671.43,1859.81,1582.99,1666.3
2016-07-22,-9.98,10455.83,9.714319902015335,17.54080138334742,60.47608120337509,14.609630436965004,54.13108626312361,21.834016766812162,1817.53,1869.18,1672.35,1845.93,1594.51,1666.3
2016-07-25,-9.98,10419.1,9.714319902015335,17.54080138334742,60.47608120337509,14.609630436965004,54.13108626312361,21.834016766812162,1812.6,1869.34,1669.58,1833.07,1578.55,1665.94
2016-07-26,-9.98,10450.1,9.714319902015335,17.54080138334742,60.47608120337509,14.609630436965004,54.13108626312361,21.834016766812162,1813.43,1871.48,1677.44,1840.81,1590.97,1665.94
2016-07-27,-9.98,10503.91,9.714319902015335,17.54080138334742,60.47608120337509,14.609630436965004,54.13108626312361,21.834016766812162,1811.51,1884.47,1684.85,1870.47,1596.29,1666.3
2016-07-28,-9.98,10507.25,9.714319902015335,17.54080138334742,60.47608120337509,14.609630436965004,54.13108626312361,21.834016766812162,1813.6,1891.05,1684.85,1865.07,1596.73,1665.94
2016-07-29,-9.98,10561.8,9.714319902015335,17.54080138334742,60.47608120337509,14.609630436965004,54.13108626312361,21.834016766812162,1816.53,1895.16,1704.28,1884.35,1605.15,1666.3
2016-08-01,-9.98,10560.65,9.714319902015335,17.54080138334742,60.47608120337509,14.609630436965004,54.13108626312361,21.834016766812162,1815.02,1905.2,1694.56,1887.86,1602.05,1665.94
2016-08-02,-9.98,10530.39,9.714319902015335,17.54080138334742,60.47608120337509,14.609630436965004,54.13108626312361,21.834016766812162,1803.39,1890.72,1686.24,1903.2,1590.52,1666.3
2016-08-03,-9.98,10531.33,9.714319902015335,17.54080138334742,60.47608120337509,14.609630436965004,54.13108626312361,21.834016766812162,1808.66,1896.97,1679.76,1894.14,1595.84,1665.94
2016-08-04,-9.98,10560.48,9.714319902015335,17.54080138334742,60.47608120337509,14.609630436965004,54.13108626312361,21.834016766812162,1810.59,1902.4,1689.48,1897.35,1604.71,1665.94
2016-08-05,-9.98,10584.29,9.714319902015335,17.54080138334742,60.47608120337509,14.609630436965004,54.13108626312361,21.834016766812162,1825.4,1920.66,1695.49,1863.46,1623.33,1665.94
2016-08-08,-9.98,10596.53,9.714319902015335,17.54080138334742,60.47608120337509,14.609630436965004,54.13108626312361,21.834016766812162,1824.31,1918.52,1701.04,1861.85,1634.85,1665.94
2016-08-09,-9.98,10634.62,9.714319902015335,17.54080138334742,60.47608120337509,14.609630436965004,54.13108626312361,21.834016766812162,1825.4,1922.96,1714.93,1869.45,1645.93,1665.94
2016-08-10,-9.98,10640.4,9.714319902015335,17.54080138334742,60.47608120337509,14.609630436965004,54.13108626312361,21.834016766812162,1820.88,1918.03,1720.94,1878.21,1646.38,1665.94
2016-08-11,-9.98,10678.3,9.714319902015335,17.54080138334742,60.47608120337509,14.609630436965004,54.13108626312361,21.834016766812162,1829.33,1926.25,1733.9,1865.21,1667.65,1665.94
2016-08-12,-9.98,10663.25,9.714319902015335,17.54080138334742,60.47608120337509,14.609630436965004,54.13108626312361,21.834016766812162,1827.74,1927.56,1729.27,1861.27,1661.45,1665.94
2016-08-15,-9.98,10707.86,9.714319902015335,17.54080138334742,60.47608120337509,14.609630436965004,54.13108626312361,21.834016766812162,1833.01,1935.79,1736.67,1867.7,1678.74,1665.94
2016-08-16,-9.98,10685.22,9.714319902015335,17.54080138334742,60.47608120337509,14.609630436965004,54.13108626312361,21.834016766812162,1823.56,1925.1,1732.51,1876.9,1671.2,1665.94
2016-08-17,-9.98,10681.91,9.714319902015335,17.54080138334742,60.47608120337509,14.609630436965004,54.13108626312361,21.834016766812162,1826.99,1928.55,1732.51,1877.34,1660.56,1665.94
2016-08-18,-9.98,10720.08,9.714319902015335,17.54080138334742,60.47608120337509,14.609630436965004,54.13108626312361,21.834016766812162,1831.09,1929.04,1741.3,1886.25,1676.08,1666.3
2016-08-19,-9.98,10677.63,9.714319902015335,17.54080138334742,60.47608120337509,14.609630436965004,54.13108626312361,21.834016766812162,1828.41,1928.55,1728.35,1869.59,1666.77,1665.94
2016-08-22,-9.98,10655.47,9.714319902015335,17.54080138334742,60.47608120337509,14.609630436965004,54.13108626312361,21.834016766812162,1828.33,1930.03,1729.73,1866.82,1644.6,1665.94
2016-08-23,-9.98,10663.07,9.714319902015335,17.54080138334742,60.47608120337509,14.609630436965004,54.13108626312361,21.834016766812162,1832.01,1933.49,1737.14,1866.53,1637.95,1665.94
2016-08-24,-9.98,10620.16,9.714319902015335,17.54080138334742,60.47608120337509,14.609630436965004,54.13108626312361,21.834016766812162,1822.64,1920.99,1732.05,1845.78,1642.39,1666.3
2016-08-25,-9.98,10609.59,9.714319902015335,17.54080138334742,60.47608120337509,14.609630436965004,54.13108626312361,21.834016766812162,1821.38,1917.86,1726.49,1844.17,1643.72,1665.94
2016-08-26,-9.98,10580.11,9.714319902015335,17.54080138334742,60.47608120337509,14.609630436965004,54.13108626312361,21.834016766812162,1817.95,1920.66,1714.46,1841.54,1629.53,1665.94
2016-08-29,-9.98,10614.6,9.714319902015335,17.54080138334742,60.47608120337509,14.609630436965004,54.13108626312361,21.834016766812162,1826.9,1923.29,1720.94,1845.2,1641.94,1666.3
2016-08-30,-9.98,10578.65,9.714319902015335,17.54080138334742,60.47608120337509,14.609630436965004,54.13108626312361,21.834016766812162,1823.89,1917.04,1717.24,1826.64,1637.51,1666.3
2016-08-31,-9.98,10543.64,9.714319902015335,17.54080138334742,60.47608120337509,14.609630436965004,54.13108626312361,21.834016766812162,1818.7,1915.06,1711.22,1822.99,1619.34,1666.3
2016-09-01,-9.98,10582.87,9.714319902015335,17.54080138334742,60.47608120337509,14.609630436965004,54.13108626312361,21.834016766812162,1818.79,1920.0,1725.57,1830.44,1631.75,1666.3
2016-09-02,-9.98,10660.56,9.714319902015335,17.54080138334742,60.47608120337509,14.609630436965004,54.13108626312361,21.834016766812162,1826.99,1926.25,1743.15,1849.14,1658.35,1666.67
2016-09-06,-9.98,10761.48,9.714319902015335,17.54080138334742,60.47608120337509,14.609630436965004,54.13108626312361,21.834016766812162,1832.51,1938.25,1759.81,1880.41,1693.81,1666.67
2016-09-07,-9.98,10750.35,9.714319902015335,17.54080138334742,60.47608120337509,14.609630436965004,54.13108626312361,21.834016766812162,1832.34,1939.41,1759.81,1873.98,1688.49,1666.3
2016-09-08,-9.98,10716.75,9.714319902015335,17.54080138334742,60.47608120337509,14.609630436965004,54.13108626312361,21.834016766812162,1828.16,1928.06,1756.11,1864.04,1684.06,1666.3
2016-09-09,-9.98,10518.81,9.714319902015335,17.54080138334742,60.47608120337509,14.609630436965004,54.13108626312361,21.834016766812162,1784.4,1879.54,1719.09,1851.77,1627.32,1666.67
2016-09-12,-9.98,10599.56,9.714319902015335,17.54080138334742,60.47608120337509,14.609630436965004,54.13108626312361,21.834016766812162,1810.0,1913.26,1732.51,1849.43,1638.4,1665.94
2016-09-13,-9.98,10466.8,9.714319902015335,17.54080138334742,60.47608120337509,14.609630436965004,54.13108626312361,21.834016766812162,1783.98,1896.15,1696.01,1837.16,1597.17,1666.3
2016-09-14,-9.98,10485.41,9.714319902015335,17.54080138334742,60.47608120337509,14.609630436965004,54.13108626312361,21.834016766812162,1783.31,1905.2,1695.08,1843.44,1602.05,1666.3
2016-09-15,-9.98,10563.36,9.714319902015335,17.54080138334742,60.47608120337509,14.609630436965004,54.13108626312361,21.834016766812162,1801.13,1934.8,1709.96,1831.61,1629.53,1666.3
2016-09-16,-9.98,10518.94,9.714319902015335,17.54080138334742,60.47608120337509,14.609630436965004,54.13108626312361,21.834016766812162,1794.17,1933.88,1689.04,1827.08,1618.45,1666.3
2016-09-19,-9.98,10538.68,9.714319902015335,17.54080138334742,60.47608120337509,14.609630436965004,54.13108626312361,21.834016766812162,1794.51,1925.47,1700.2,1830.88,1631.31,1666.3
2016-09-20,-9.98,10552.47,9.714319902015335,17.54080138334742,60.47608120337509,14.609630436965004,54.13108626312361,21.834016766812162,1794.59,1929.1,1707.64,1832.63,1632.19,1666.3
2016-09-21,-9.98,10696.55,9.714319902015335,17.54080138334742,60.47608120337509,14.609630436965004,54.13108626312361,21.834016766812162,1814.77,1948.06,1740.18,1859.37,1677.85,1666.3
2016-09-22,-9.98,10757.4,9.714319902015335,17.54080138334742,60.47608120337509,14.609630436965004,54.13108626312361,21.834016766812162,1826.21,1963.56,1757.38,1863.75,1689.82,1666.67
2016-09-23,-9.98,10697.58,9.714319902015335,17.54080138334742,60.47608120337509,14.609630436965004,54.13108626312361,21.834016766812162,1816.2,1951.03,1740.65,1864.92,1668.1,1666.67
2016-09-26,-9.98,10625.36,9.714319902015335,17.54080138334742,60.47608120337509,14.609630436965004,54.13108626312361,21.834016766812162,1801.49,1934.7,1725.3,1863.46,1643.72,1666.67
2016-09-27,-9.98,10673.58,9.714319902015335,17.54080138334742,60.47608120337509,14.609630436965004,54.13108626312361,21.834016766812162,1812.67,1953.83,1733.67,1849.87,1667.21,1666.3
2016-09-28,-9.98,10710.44,9.714319902015335,17.54080138334742,60.47608120337509,14.609630436965004,54.13108626312361,21.834016766812162,1821.67,1957.13,1749.02,1844.03,1682.28,1666.3
2016-09-29,-9.98,10626.95,9.714319902015335,17.54080138334742,60.47608120337509,14.609630436965004,54.13108626312361,21.834016766812162,1805.19,1942.95,1727.63,1841.84,1653.03,1666.3
2016-09-30,-9.98,10667.88,9.714319902015335,17.54080138334742,60.47608120337509,14.609630436965004,54.13108626312361,21.834016766812162,1818.81,1957.46,1739.25,1835.55,1660.12,1666.67
2016-10-03,-9.98,10663.93,9.714319902015335,17.54080138334742,60.47608120337509,14.609630436965004,54.13108626312361,21.834016766812162,1814.44,1954.65,1736.0,1830.88,1671.64,1666.3
2016-10-04,-9.98,10564.8,9.714319902015335,17.54080138334742,60.47608120337509,14.609630436965004,54.13108626312361,21.834016766812162,1805.19,1951.68,1730.88,1767.33,1653.03,1666.67
2016-10-05,-9.98,10610.17,9.714319902015335,17.54080138334742,60.47608120337509,14.609630436965004,54.13108626312361,21.834016766812162,1813.18,1958.61,1740.18,1764.55,1676.96,1666.67
2016-10-06,-9.98,10586.11,9.714319902015335,17.54080138334742,60.47608120337509,14.609630436965004,54.13108626312361,21.834016766812162,1814.44,1957.62,1730.88,1748.19,1678.29,1666.67
2016-10-07,-9.98,10558.08,9.714319902015335,17.54080138334742,60.47608120337509,14.609630436965004,54.13108626312361,21.834016766812162,1808.21,1953.33,1719.73,1749.36,1670.76,1666.67
2016-10-10,-9.98,10611.14,9.714319902015335,17.54080138334742,60.47608120337509,14.609630436965004,54.13108626312361,21.834016766812162,1817.63,1965.7,1726.7,1755.49,1688.93,1666.67
2016-10-11,-9.98,10486.77,9.714319902015335,17.54080138334742,60.47608120337509,14.609630436965004,54.13108626312361,21.834016766812162,1794.68,1937.67,1701.59,1746.58,1649.92,1666.3
2016-10-12,-9.98,10485.18,9.714319902015335,17.54080138334742,60.47608120337509,14.609630436965004,54.13108626312361,21.834016766812162,1797.03,1936.02,1699.27,1749.36,1646.82,1666.67
2016-10-13,-9.98,10456.97,9.714319902015335,17.54080138334742,60.47608120337509,14.609630436965004,54.13108626312361,21.834016766812162,1791.14,1929.1,1694.62,1753.59,1632.19,1666.3
2016-10-14,-9.98,10454.47,9.714319902015335,17.54080138334742,60.47608120337509,14.609630436965004,54.13108626312361,21.834016766812162,1792.07,1931.4,1696.01,1743.81,1634.85,1666.3
2016-10-17,-9.98,10443.08,9.714319902015335,17.54080138334742,60.47608120337509,14.609630436965004,54.13108626312361,21.834016766812162,1785.85,1926.13,1693.22,1748.48,1633.08,1666.3
2016-10-18,-9.98,10529.17,9.714319902015335,17.54080138334742,60.47608120337509,14.609630436965004,54.13108626312361,21.834016766812162,1797.03,1943.28,1711.36,1759.29,1661.89,1666.3
2016-10-19,-9.98,10560.48,9.714319902015335,17.54080138334742,60.47608120337509,14.609630436965004,54.13108626312361,21.834016766812162,1801.82,1943.11,1717.4,1769.37,1672.09,1666.67
2016-10-20,-9.98,10544.17,9.714319902015335,17.54080138334742,60.47608120337509,14.609630436965004,54.13108626312361,21.834016766812162,1798.46,1940.8,1717.4,1763.97,1667.21,1666.3
2016-10-21,-9.98,10549.41,9.714319902015335,17.54080138334742,60.47608120337509,14.609630436965004,54.13108626312361,21.834016766812162,1799.3,1948.06,1713.68,1765.28,1666.77,1666.3
2016-10-24,-9.98,10581.3,9.714319902015335,17.54080138334742,60.47608120337509,14.609630436965004,54.13108626312361,21.834016766812162,1806.95,1971.47,1711.36,1761.34,1673.86,1666.3
2016-10-25,-9.98,10582.65,9.714319902015335,17.54080138334742,60.47608120337509,14.609630436965004,54.13108626312361,21.834016766812162,1800.9,1965.2,1709.96,1774.63,1675.63,1666.3
2016-10-26,-9.98,10530.01,9.714319902015335,17.54080138334742,60.47608120337509,14.609630436965004,54.13108626312361,21.834016766812162,1797.28,1951.85,1701.59,1764.7,1657.9,1666.67
2016-10-27,-9.98,10503.12,9.714319902015335,17.54080138334742,60.47608120337509,14.609630436965004,54.13108626312361,21.834016766812162,1792.49,1942.95,1699.73,1767.91,1643.72,1666.3
2016-10-28,-9.98,10486.73,9.714319902015335,17.54080138334742,60.47608120337509,14.609630436965004,54.13108626312361,21.834016766812162,1787.19,1930.74,1698.8,1776.24,1637.07,1666.67
2016-10-31,-9.98,10498.54,9.714319902015335,17.54080138334742,60.47608120337509,14.609630436965004,54.13108626312361,21.834016766812162,1787.28,1928.93,1697.41,1781.5,1646.38,1667.03
2016-11-01,-9.98,10464.31,9.714319902015335,17.54080138334742,60.47608120337509,14.609630436965004,54.13108626312361,21.834016766812162,1774.33,1914.42,1692.76,1793.04,1633.08,1666.67
2016-11-02,-9.98,10419.9,9.714319902015335,17.54080138334742,60.47608120337509,14.609630436965004,54.13108626312361,21.834016766812162,1763.65,1899.09,1680.21,1806.33,1613.57,1667.03
2016-11-03,-9.98,10397.11,9.714319902015335,17.54080138334742,60.47608120337509,14.609630436965004,54.13108626312361,21.834016766812162,1755.58,1880.46,1679.28,1815.98,1609.14,1666.67
2016-11-04,-9.98,10359.92,9.714319902015335,17.54080138334742,60.47608120337509,14.609630436965004,54.13108626312361,21.834016766812162,1753.64,1873.86,1665.33,1817.29,1592.74,1667.03
2016-11-07,-9.98,10490.43,9.714319902015335,17.54080138334742,60.47608120337509,14.609630436965004,54.13108626312361,21.834016766812162,1792.32,1918.38,1688.11,1784.57,1650.37,1666.67
2016-11-08,-9.98,10518.77,9.714319902015335,17.54080138334742,60.47608120337509,14.609630436965004,54.13108626312361,21.834016766812162,1800.39,1930.91,1692.3,1777.12,1661.01,1667.03
2016-11-09,-9.98,10487.99,9.714319902015335,17.54080138334742,60.47608120337509,14.609630436965004,54.13108626312361,21.834016766812162,1819.48,1939.81,1689.51,1775.95,1606.92,1666.3
2016-11-10,-9.98,10383.53,9.714319902015335,17.54080138334742,60.47608120337509,14.609630436965004,54.13108626312361,21.834016766812162,1824.02,1908.49,1683.93,1749.5,1561.27,1666.3
2016-11-11,-9.98,10297.52,9.714319902015335,17.54080138334742,60.47608120337509,14.609630436965004,54.13108626312361,21.834016766812162,1819.82,1909.31,1670.44,1710.79,1531.57,1665.57
2016-11-14,-9.98,10247.4,9.714319902015335,17.54080138334742,60.47608120337509,14.609630436965004,54.13108626312361,21.834016766812162,1821.25,1890.02,1663.01,1696.32,1520.48,1666.3
2016-11-15,-9.98,10343.76,9.714319902015335,17.54080138334742,60.47608120337509,14.609630436965004,54.13108626312361,21.834016766812162,1835.46,1916.24,1673.23,1711.08,1551.07,1666.67
2016-11-16,-9.98,10318.38,9.714319902015335,17.54080138334742,60.47608120337509,14.609630436965004,54.13108626312361,21.834016766812162,1832.01,1927.61,1657.89,1705.97,1538.21,1666.67
2016-11-17,-9.98,10346.79,9.714319902015335,17.54080138334742,60.47608120337509,14.609630436965004,54.13108626312361,21.834016766812162,1841.43,1941.63,1669.05,1697.2,1540.43,1667.03
2016-11-18,-9.98,10298.18,9.714319902015335,17.54080138334742,60.47608120337509,14.609630436965004,54.13108626312361,21.834016766812162,1837.31,1934.37,1654.17,1682.3,1533.34,1666.67
2016-11-21,-9.98,10367.57,9.714319902015335,17.54080138334742,60.47608120337509,14.609630436965004,54.13108626312361,21.834016766812162,1851.18,1954.49,1668.58,1688.58,1548.41,1666.3
2016-11-22,-9.98,10405.15,9.714319902015335,17.54080138334742,60.47608120337509,14.609630436965004,54.13108626312361,21.834016766812162,1854.8,1960.42,1673.7,1688.0,1571.9,1666.3
2016-11-23,-9.98,10341.89,9.714319902015335,17.54080138334742,60.47608120337509,14.609630436965004,54.13108626312361,21.834016766812162,1855.81,1952.51,1667.65,1654.54,1555.06,1666.3
2016-11-25,-9.98,10356.86,9.714319902015335,17.54080138334742,60.47608120337509,14.609630436965004,54.13108626312361,21.834016766812162,1862.7,1958.77,1670.91,1645.19,1562.6,1666.67
2016-11-28,-9.98,10360.85,9.714319902015335,17.54080138334742,60.47608120337509,14.609630436965004,54.13108626312361,21.834016766812162,1853.96,1954.32,1664.86,1662.58,1568.8,1666.3
2016-11-29,-9.98,10374.99,9.714319902015335,17.54080138334742,60.47608120337509,14.609630436965004,54.13108626312361,21.834016766812162,1857.57,1961.08,1674.16,1654.83,1571.02,1666.3
2016-11-30,-9.98,10324.92,9.714319902015335,17.54080138334742,60.47608120337509,14.609630436965004,54.13108626312361,21.834016766812162,1853.12,1937.34,1671.84,1632.63,1573.68,1666.3
2016-12-01,-9.98,10259.54,9.714319902015335,17.54080138334742,60.47608120337509,14.609630436965004,54.13108626312361,21.834016766812162,1846.31,1903.87,1667.65,1629.56,1555.06,1667.07
2016-12-02,-9.98,10279.08,9.714319902015335,17.54080138334742,60.47608120337509,14.609630436965004,54.13108626312361,21.834016766812162,1847.23,1907.66,1672.3,1638.32,1556.83,1666.7
2016-12-05,-9.98,10322.12,9.714319902015335,17.54080138334742,60.47608120337509,14.609630436965004,54.13108626312361,21.834016766812162,1858.33,1922.5,1685.32,1629.56,1569.69,1666.7
2016-12-06,-9.98,10351.43,9.714319902015335,17.54080138334742,60.47608120337509,14.609630436965004,54.13108626312361,21.834016766812162,1864.22,1927.12,1696.94,1627.95,1578.11,1667.07
2016-12-07,-9.98,10454.97,9.714319902015335,17.54080138334742,60.47608120337509,14.609630436965004,54.13108626312361,21.834016766812162,1888.6,1951.52,1719.26,1633.79,1604.71,1667.07
2016-12-08,-9.98,10467.75,9.714319902015335,17.54080138334742,60.47608120337509,14.609630436965004,54.13108626312361,21.834016766812162,1893.23,1954.98,1720.65,1630.0,1611.8,1667.07
2016-12-09,-9.98,10474.12,9.714319902015335,17.54080138334742,60.47608120337509,14.609630436965004,54.13108626312361,21.834016766812162,1904.66,1970.32,1725.77,1612.9,1603.38,1667.07
2016-12-12,-9.98,10452.58,9.714319902015335,17.54080138334742,60.47608120337509,14.609630436965004,54.13108626312361,21.834016766812162,1902.48,1961.41,1720.19,1619.04,1592.74,1666.7
2016-12-13,-9.98,10520.83,9.714319902015335,17.54080138334742,60.47608120337509,14.609630436965004,54.13108626312361,21.834016766812162,1915.17,1986.14,1738.32,1613.63,1610.47,1667.07
2016-12-14,-9.98,10401.0,9.714319902015335,17.54080138334742,60.47608120337509,14.609630436965004,54.13108626312361,21.834016766812162,1899.36,1982.02,1709.96,1589.97,1562.6,1667.07
2016-12-15,-9.98,10390.05,9.714319902015335,17.54080138334742,60.47608120337509,14.609630436965004,54.13108626312361,21.834016766812162,1907.19,1985.16,1707.17,1568.2,1565.26,1667.07
2016-12-16,-9.98,10382.35,9.714319902015335,17.54080138334742,60.47608120337509,14.609630436965004,54.13108626312361,21.834016766812162,1903.46,1977.8,1707.64,1578.57,1558.16,1666.7
2016-12-19,-9.98,10390.81,9.714319902015335,17.54080138334742,60.47608120337509,14.609630436965004,54.13108626312361,21.834016766812162,1907.6,1985.9,1706.24,1586.46,1547.52,1667.07
2016-12-20,-9.98,10402.77,9.714319902015335,17.54080138334742,60.47608120337509,14.609630436965004,54.13108626312361,21.834016766812162,1914.96,1993.51,1709.96,1574.77,1552.84,1666.7
2016-12-21,-9.98,10390.73,9.714319902015335,17.54080138334742,60.47608120337509,14.609630436965004,54.13108626312361,21.834016766812162,1909.63,1992.02,1709.96,1575.65,1546.39,1667.07
2016-12-22,-9.98,10354.58,9.714319902015335,17.54080138334742,60.47608120337509,14.609630436965004,54.13108626312361,21.834016766812162,1906.33,1986.4,1705.27,1571.85,1528.0,1666.7
2016-12-23,-9.98,10376.38,9.714319902015335,17.54080138334742,60.47608120337509,14.609630436965004,54.13108626312361,21.834016766812162,1909.12,1987.72,1709.02,1576.82,1536.97,1666.7
2016-12-27,-9.98,10405.32,9.714319902015335,17.54080138334742,60.47608120337509,14.609630436965004,54.13108626312361,21.834016766812162,1913.86,1997.97,1706.68,1586.02,1543.7,1667.07
2016-12-28,-9.98,10386.68,9.714319902015335,17.54080138334742,60.47608120337509,14.609630436965004,54.13108626312361,21.834016766812162,1898.04,1982.43,1703.4,1590.4,1555.35,1667.03
2016-12-29,-9.98,10436.35,9.714319902015335,17.54080138334742,60.47608120337509,14.609630436965004,54.13108626312361,21.834016766812162,1897.62,1979.62,1709.49,1611.3,1580.91,1667.4
2016-12-30,-9.98,10390.48,9.714319902015335,17.54080138334742,60.47608120337509,14.609630436965004,54.13108626312361,21.834016766812162,1890.68,1959.28,1712.77,1601.36,1569.7,1666.67
