date,cash,value,SPY_qty,SPY
2020-01-02,-10.0,9990.0,33.39940915010082,10000.0
2020-01-03,-10.0,9914.28,33.39940915010082,9924.28
2020-01-06,-10.0,9952.14,33.39940915010082,9962.14
2020-01-07,-10.0,9924.13,33.39940915010082,9934.13
2020-01-08,-10.0,9977.07,33.39940915010082,9987.07
2020-01-09,-10.0,10044.79,33.39940915010082,10054.79
2020-01-10,-10.0,10015.85,33.39940915010082,10025.85
2020-01-13,-10.0,10084.81,33.39940915010082,10094.81
2020-01-14,-10.0,10069.42,33.39940915010082,10079.42
2020-01-15,-10.0,10092.19,33.39940915010082,10102.19
2020-01-16,-10.0,10176.23,33.39940915010082,10186.23
2020-01-17,-10.0,10207.93,33.39940915010082,10217.93
2020-01-21,-10.0,10187.92,33.39940915010082,10197.92
2020-01-22,-10.0,10189.15,33.39940915010082,10199.15
2020-01-23,-10.0,10200.85,33.39940915010082,10210.85
2020-01-24,-10.0,10110.05,33.39940915010082,10120.05
2020-01-27,-10.0,9947.83,33.39940915010082,9957.83
2020-01-28,-10.0,10052.18,33.39940915010082,10062.18
2020-01-29,-10.0,10043.87,33.39940915010082,10053.87
2020-01-30,-10.0,10076.5,33.39940915010082,10086.5
2020-01-31,-10.0,9893.35,33.39940915010082,9903.35
2020-02-03,-10.0,10466.91,35.073244238931366,10476.91
2020-02-04,-10.0,10626.59,35.073244238931366,10636.59
2020-02-05,-10.0,10749.43,35.073244238931366,10759.43
2020-02-06,-10.0,10785.63,35.073244238931366,10795.63
2020-02-07,-10.0,10728.09,35.073244238931366,10738.09
2020-02-10,-10.0,10808.25,35.073244238931366,10818.25
2020-02-11,-10.0,10827.0,35.073244238931366,10837.0
2020-02-12,-10.0,10896.82,35.073244238931366,10906.82
2020-02-13,-10.0,10885.19,35.073244238931366,10895.19
2020-02-14,-10.0,10902.64,35.073244238931366,10912.64
2020-02-18,-10.0,10874.52,35.073244238931366,10884.52
2020-02-19,-10.0,10926.56,35.073244238931366,10936.56
2020-02-20,-10.0,10881.63,35.073244238931366,10891.63
2020-02-21,-10.0,10769.47,35.073244238931366,10779.47
2020-02-24,-10.0,10411.96,35.073244238931366,10421.96
2020-02-25,-10.0,10096.15,35.073244238931366,10106.15
2020-02-26,-10.0,10058.98,35.073244238931366,10068.98
2020-02-27,-10.0,9606.77,35.073244238931366,9616.77
2020-02-28,-10.0,9566.37,35.073244238931366,9576.37
2020-03-02,-10.0,9981.08,35.073244238931366,9991.08
2020-03-03,-10.0,9695.01,35.073244238931366,9705.01
2020-03-04,-10.0,10602.94,36.80732179466099,10612.94
2020-03-05,-10.0,10250.15,36.80732179466099,10260.15
2020-03-06,-10.0,10080.54,36.80732179466099,10090.54
2020-03-09,-10.0,9292.52,36.80732179466099,9302.52
2020-03-10,-10.0,9773.88,36.80732179466099,9783.88
2020-03-11,-10.0,9296.93,36.80732179466099,9306.93
2020-03-12,-10.0,8406.47,36.80732179466099,8416.47
2020-03-13,-10.0,9125.96,36.80732179466099,9135.96
2020-03-16,-10.0,8126.27,36.80732179466099,8136.27
2020-03-17,-10.0,8565.57,36.80732179466099,8575.57
2020-03-18,-10.0,8131.36,36.80732179466099,8141.36
2020-03-19,-10.0,8148.66,36.80732179466099,8158.66
2020-03-20,-10.0,7797.07,36.80732179466099,7807.07
2020-03-23,-10.0,7597.46,36.80732179466099,7607.46
2020-03-24,-10.0,8286.72,36.80732179466099,8296.72
2020-03-25,-10.0,8410.92,36.80732179466099,8420.92
2020-03-26,-10.0,8902.62,36.80732179466099,8912.62
2020-03-27,-10.0,8637.15,36.80732179466099,8647.15
2020-03-30,-10.0,8917.97,36.80732179466099,8927.97
2020-03-31,-10.0,8784.9,36.80732179466099,8794.9
2020-04-01,-10.0,8389.08,36.80732179466099,8399.08
2020-04-02,-10.0,9082.89,38.949051797201555,9092.89
2020-04-03,-10.0,8951.47,38.949051797201555,8961.47
2020-04-06,-10.0,9553.37,38.949051797201555,9563.37
2020-04-07,-10.0,9563.12,38.949051797201555,9573.12
2020-04-08,-10.0,9884.48,38.949051797201555,9894.48
2020-04-09,-10.0,10035.04,38.949051797201555,10045.04
2020-04-13,-10.0,9943.33,38.949051797201555,9953.33
2020-04-14,-10.0,10236.88,38.949051797201555,10246.88
2020-04-15,-10.0,10019.16,38.949051797201555,10029.16
2020-04-16,-10.0,10067.54,38.949051797201555,10077.54
2020-04-17,-10.0,10339.79,38.949051797201555,10349.79
2020-04-20,-10.0,10157.45,38.949051797201555,10167.45
2020-04-21,-10.0,9848.73,38.949051797201555,9858.73
2020-04-22,-10.0,10067.54,38.949051797201555,10077.54
2020-04-23,-10.0,10066.82,38.949051797201555,10076.82
2020-04-24,-10.0,10207.28,38.949051797201555,10217.28
2020-04-27,-10.0,10354.59,38.949051797201555,10364.59
2020-04-28,-10.0,10306.93,38.949051797201555,10316.93
2020-04-29,-10.0,10577.01,38.949051797201555,10587.01
2020-04-30,-10.0,10478.44,38.949051797201555,10488.44
2020-05-01,-10.0,10200.78,38.949051797201555,10210.78
2020-05-04,-10.0,10728.94,40.851057633238995,10738.94
2020-05-05,-10.0,10828.16,40.851057633238995,10838.16
2020-05-06,-10.0,10754.69,40.851057633238995,10764.69
2020-05-07,-10.0,10884.59,40.851057633238995,10894.59
2020-05-08,-10.0,11064.85,40.851057633238995,11074.85
2020-05-11,-10.0,11067.12,40.851057633238995,11077.12
2020-05-12,-10.0,10846.34,40.851057633238995,10856.34
2020-05-13,-10.0,10654.34,40.851057633238995,10664.34
2020-05-14,-10.0,10781.96,40.851057633238995,10791.96
2020-05-15,-10.0,10831.57,40.851057633238995,10841.57
2020-05-18,-10.0,11161.8,40.851057633238995,11171.8
2020-05-19,-10.0,11047.05,40.851057633238995,11057.05
2020-05-20,-10.0,11234.89,40.851057633238995,11244.89
2020-05-21,-10.0,11157.26,40.851057633238995,11167.26
2020-05-22,-10.0,11178.46,40.851057633238995,11188.46
2020-05-26,-10.0,11316.31,40.851057633238995,11326.31
2020-05-27,-10.0,11484.84,40.851057633238995,11494.84
2020-05-28,-10.0,11463.63,40.851057633238995,11473.63
2020-05-29,-10.0,11514.75,40.851057633238995,11524.75
2020-06-01,-10.0,11561.33,40.851057633238995,11571.33
2020-06-02,-10.0,11657.15,40.851057633238995,11667.15
2020-06-03,-10.0,12312.42,42.57875268831297,12322.42
2020-06-04,-10.0,12280.05,42.57875268831297,12290.05
2020-06-05,-10.0,12595.04,42.57875268831297,12605.04
2020-06-08,-10.0,12747.4,42.57875268831297,12757.4
2020-06-09,-10.0,12652.27,42.57875268831297,12662.27
2020-06-10,-10.0,12581.61,42.57875268831297,12591.61
2020-06-11,-10.0,11855.72,42.57875268831297,11865.72
2020-06-12,-10.0,11997.82,42.57875268831297,12007.82
2020-06-15,-10.0,12109.93,42.57875268831297,12119.93
2020-06-16,-10.0,12343.2,42.57875268831297,12353.2
2020-06-17,-10.0,12291.89,42.57875268831297,12301.89
2020-06-18,-10.0,12296.63,42.57875268831297,12306.63
2020-06-19,-10.0,12226.29,42.57875268831297,12236.29
2020-06-22,-10.0,12304.79,42.57875268831297,12314.79
2020-06-23,-10.0,12361.49,42.57875268831297,12371.49
2020-06-24,-10.0,12045.91,42.57875268831297,12055.91
2020-06-25,-10.0,12175.15,42.57875268831297,12185.15
2020-06-26,-10.0,11885.74,42.57875268831297,11895.74
2020-06-29,-10.0,12060.57,42.57875268831297,12070.57
2020-06-30,-10.0,12215.19,42.57875268831297,12225.19
2020-07-01,-10.0,12300.83,42.57875268831297,12310.83
2020-07-02,-10.0,12868.62,44.29860272209274,12878.62
2020-07-06,-10.0,13067.44,44.29860272209274,13077.44
2020-07-07,-10.0,12932.56,44.29860272209274,12942.56
2020-07-08,-10.0,13031.55,44.29860272209274,13041.55
2020-07-09,-10.0,12957.31,44.29860272209274,12967.31
2020-07-10,-10.0,13089.71,44.29860272209274,13099.71
2020-07-13,-10.0,12976.28,44.29860272209274,12986.28
2020-07-14,-10.0,13144.57,44.29860272209274,13154.57
2020-07-15,-10.0,13265.42,44.29860272209274,13275.42
2020-07-16,-10.0,13221.7,44.29860272209274,13231.7
2020-07-17,-10.0,13260.06,44.29860272209274,13270.06
2020-07-20,-10.0,13367.3,44.29860272209274,13377.3
2020-07-21,-10.0,13395.76,44.29860272209274,13405.76
2020-07-22,-10.0,13472.07,44.29860272209274,13482.07
2020-07-23,-10.0,13311.2,44.29860272209274,13321.2
2020-07-24,-10.0,13225.41,44.29860272209274,13235.41
2020-07-27,-10.0,13321.93,44.29860272209274,13331.93
2020-07-28,-10.0,13237.37,44.29860272209274,13247.37
2020-07-29,-10.0,13400.3,44.29860272209274,13410.3
2020-07-30,-10.0,13352.45,44.29860272209274,13362.45
2020-07-31,-10.0,13458.05,44.29860272209274,13468.05
2020-08-03,-10.0,14051.68,45.931829801962664,14061.68
2020-08-04,-10.0,14105.99,45.931829801962664,14115.99
2020-08-05,-10.0,14193.66,45.931829801962664,14203.66
2020-08-06,-10.0,14288.61,45.931829801962664,14298.61
2020-08-07,-10.0,14298.88,45.931829801962664,14308.88
2020-08-10,-10.0,14341.64,45.931829801962664,14351.64
2020-08-11,-10.0,14223.17,45.931829801962664,14233.17
2020-08-12,-10.0,14421.62,45.931829801962664,14431.62
2020-08-13,-10.0,14395.53,45.931829801962664,14405.53
2020-08-14,-10.0,14395.96,45.931829801962664,14405.96
2020-08-17,-10.0,14441.72,45.931829801962664,14451.72
2020-08-18,-10.0,14472.94,45.931829801962664,14482.94
2020-08-19,-10.0,14412.64,45.931829801962664,14422.64
2020-08-20,-10.0,14457.55,45.931829801962664,14467.55
2020-08-21,-10.0,14508.87,45.931829801962664,14518.87
2020-08-24,-10.0,14655.99,45.931829801962664,14665.99
2020-08-25,-10.0,14707.31,45.931829801962664,14717.31
2020-08-26,-10.0,14854.86,45.931829801962664,14864.86
2020-08-27,-10.0,14887.36,45.931829801962664,14897.36
2020-08-28,-10.0,14983.59,45.931829801962664,14993.59
2020-08-31,-10.0,14929.27,45.931829801962664,14939.27
2020-09-01,-10.0,15569.98,47.45477006569048,15579.98
2020-09-02,-10.0,15795.33,47.45477006569048,15805.33
2020-09-03,-10.0,15251.4,47.45477006569048,15261.4
2020-09-04,-10.0,15126.8,47.45477006569048,15136.8
2020-09-08,-10.0,14713.21,47.45477006569048,14723.21
2020-09-09,-10.0,15003.96,47.45477006569048,15013.96
2020-09-10,-10.0,14743.26,47.45477006569048,14753.26
2020-09-11,-10.0,14750.78,47.45477006569048,14760.78
2020-09-14,-10.0,14945.19,47.45477006569048,14955.19
2020-09-15,-10.0,15020.75,47.45477006569048,15030.75
2020-09-16,-10.0,14961.1,47.45477006569048,14971.1
2020-09-17,-10.0,14829.42,47.45477006569048,14839.42
2020-09-18,-10.0,14658.58,47.45477006569048,14668.58
2020-09-21,-10.0,14495.33,47.45477006569048,14505.33
2020-09-22,-10.0,14643.06,47.45477006569048,14653.06
2020-09-23,-10.0,14303.24,47.45477006569048,14313.24
2020-09-24,-10.0,14341.39,47.45477006569048,14351.39
2020-09-25,-10.0,14573.41,47.45477006569048,14583.41
2020-09-28,-10.0,14815.63,47.45477006569048,14825.63
2020-09-29,-10.0,14734.89,47.45477006569048,14744.89
2020-09-30,-10.0,14846.68,47.45477006569048,14856.68
2020-10-01,-10.0,15442.07,49.04166685434564,15452.07
2020-10-02,-10.0,15295.36,49.04166685434564,15305.36
2020-10-05,-10.0,15566.77,49.04166685434564,15576.77
2020-10-06,-10.0,15345.33,49.04166685434564,15355.33
2020-10-07,-10.0,15612.61,49.04166685434564,15622.61
2020-10-08,-10.0,15751.07,49.04166685434564,15761.07
2020-10-09,-10.0,15891.81,49.04166685434564,15901.81
2020-10-12,-10.0,16147.64,49.04166685434564,16157.64
2020-10-13,-10.0,16042.19,49.04166685434564,16052.19
2020-10-14,-10.0,15941.33,49.04166685434564,15951.33
2020-10-15,-10.0,15921.61,49.04166685434564,15931.61
2020-10-16,-10.0,15911.99,49.04166685434564,15921.99
2020-10-19,-10.0,15669.92,49.04166685434564,15679.92
2020-10-20,-10.0,15732.73,49.04166685434564,15742.73
2020-10-21,-10.0,15702.93,49.04166685434564,15712.93
2020-10-22,-10.0,15789.12,49.04166685434564,15799.12
2020-10-23,-10.0,15842.76,49.04166685434564,15852.76
2020-10-26,-10.0,15549.8,49.04166685434564,15559.8
2020-10-27,-10.0,15496.16,49.04166685434564,15506.16
2020-10-28,-10.0,14966.18,49.04166685434564,14976.18
2020-10-29,-10.0,15118.39,49.04166685434564,15128.39
2020-10-30,-10.0,15460.67,50.67959152860517,15470.67
2020-11-02,-10.0,15634.08,50.67959152860517,15644.08
2020-11-03,-10.0,15910.29,50.67959152860517,15920.29
2020-11-04,-10.0,16266.1,50.67959152860517,16276.1
2020-11-05,-10.0,16583.52,50.67959152860517,16593.52
2020-11-06,-10.0,16579.74,50.67959152860517,16589.74
2020-11-09,-10.0,16788.2,50.67959152860517,16798.2
2020-11-10,-10.0,16763.56,50.67959152860517,16773.56
2020-11-11,-10.0,16888.16,50.67959152860517,16898.16
2020-11-12,-10.0,16724.24,50.67959152860517,16734.24
2020-11-13,-10.0,16955.91,50.67959152860517,16965.91
2020-11-16,-10.0,17167.69,50.67959152860517,17177.69
2020-11-17,-10.0,17075.3,50.67959152860517,17085.3
2020-11-18,-10.0,16869.68,50.67959152860517,16879.68
2020-11-19,-10.0,16940.75,50.67959152860517,16950.75
2020-11-20,-10.0,16824.68,50.67959152860517,16834.68
2020-11-23,-10.0,16925.59,50.67959152860517,16935.59
2020-11-24,-10.0,17198.49,50.67959152860517,17208.49
2020-11-25,-10.0,17171.95,50.67959152860517,17181.95
2020-11-27,-10.0,17219.8,50.67959152860517,17229.8
2020-11-30,-10.0,17143.53,50.67959152860517,17153.53
2020-12-01,-10.0,17831.14,52.140844554858944,17841.14
2020-12-02,-10.0,17868.68,52.140844554858944,17878.68
2020-12-03,-10.0,17863.8,52.140844554858944,17873.8
2020-12-04,-10.0,18017.83,52.140844554858944,18027.83
2020-12-07,-10.0,17980.79,52.140844554858944,17990.79
2020-12-08,-10.0,18033.43,52.140844554858944,18043.43
2020-12-09,-10.0,17871.6,52.140844554858944,17881.6
2020-12-10,-10.0,17865.75,52.140844554858944,17875.75
2020-12-11,-10.0,17844.79,52.140844554858944,17854.79
2020-12-14,-10.0,17764.85,52.140844554858944,17774.85
2020-12-15,-10.0,18005.16,52.140844554858944,18015.16
2020-12-16,-10.0,18033.43,52.140844554858944,18043.43
2020-12-17,-10.0,18134.33,52.140844554858944,18144.33
2020-12-18,-10.0,18061.88,52.140844554858944,18071.88
2020-12-21,-10.0,17997.26,52.140844554858944,18007.26
2020-12-22,-10.0,17966.91,52.140844554858944,17976.91
2020-12-23,-10.0,17983.07,52.140844554858944,17993.07
2020-12-24,-10.0,18053.07,52.140844554858944,18063.07
2020-12-28,-10.0,18208.24,52.140844554858944,18218.24
2020-12-29,-10.0,18173.49,52.140844554858944,18183.49
2020-12-30,-10.0,18199.43,52.140844554858944,18209.43
2020-12-31,-10.0,18791.96,53.56530560449129,18801.96
2021-01-04,-10.0,18535.99,53.56530560449129,18545.99
2021-01-05,-10.0,18663.71,53.56530560449129,18673.71
2021-01-06,-10.0,18775.36,53.56530560449129,18785.36
2021-01-07,-10.0,19054.46,53.56530560449129,19064.46
2021-01-08,-10.0,19163.08,53.56530560449129,19173.08
2021-01-11,-10.0,19033.84,53.56530560449129,19043.84
2021-01-12,-10.0,19037.86,53.56530560449129,19047.86
2021-01-13,-10.0,19089.16,53.56530560449129,19099.16
2021-01-14,-10.0,19022.27,53.56530560449129,19032.27
2021-01-15,-10.0,18883.48,53.56530560449129,18893.48
2021-01-19,-10.0,19031.83,53.56530560449129,19041.83
2021-01-20,-10.0,19295.34,53.56530560449129,19305.34
2021-01-21,-10.0,19312.94,53.56530560449129,19322.94
2021-01-22,-10.0,19244.55,53.56530560449129,19254.55
2021-01-25,-10.0,19320.49,53.56530560449129,19330.49
2021-01-26,-10.0,19290.31,53.56530560449129,19300.31
2021-01-27,-10.0,18818.61,53.56530560449129,18828.61
2021-01-28,-10.0,18980.54,53.56530560449129,18990.54
2021-01-29,-10.0,18600.35,53.56530560449129,18610.35
2021-02-01,-10.0,18910.13,53.56530560449129,18920.13
2021-02-02,-10.0,19677.67,54.961131927029065,19687.67
2021-02-03,-10.0,19693.14,54.961131927029065,19703.14
2021-02-04,-10.0,19917.08,54.961131927029065,19927.08
2021-02-05,-10.0,19995.51,54.961131927029065,20005.51
2021-02-08,-10.0,20139.99,54.961131927029065,20149.99
2021-02-09,-10.0,20126.58,54.961131927029065,20136.58
2021-02-10,-10.0,20117.8,54.961131927029065,20127.8
2021-02-11,-10.0,20150.31,54.961131927029065,20160.31
2021-02-12,-10.0,20249.9,54.961131927029065,20259.9
2021-02-16,-10.0,20232.36,54.961131927029065,20242.36
2021-02-17,-10.0,20237.0,54.961131927029065,20247.0
2021-02-18,-10.0,20150.83,54.961131927029065,20160.83
2021-02-19,-10.0,20115.23,54.961131927029065,20125.23
2021-02-22,-10.0,19960.43,54.961131927029065,19970.43
2021-02-23,-10.0,19984.68,54.961131927029065,19994.68
2021-02-24,-10.0,20205.01,54.961131927029065,20215.01
2021-02-25,-10.0,19717.91,54.961131927029065,19727.91
2021-02-26,-10.0,19616.26,54.961131927029065,19626.26
2021-03-01,-10.0,20092.01,54.961131927029065,20102.01
2021-03-02,-10.0,19935.15,54.961131927029065,19945.15
2021-03-03,-10.0,19670.96,54.961131927029065,19680.96
2021-03-04,-10.0,19927.41,56.374929779478414,19937.41
2021-03-05,-10.0,20294.19,56.374929779478414,20304.19
2021-03-08,-10.0,20193.1,56.374929779478414,20203.1
2021-03-09,-10.0,20481.55,56.374929779478414,20491.55
2021-03-10,-10.0,20609.1,56.374929779478414,20619.1
2021-03-11,-10.0,20818.16,56.374929779478414,20828.16
2021-03-12,-10.0,20846.21,56.374929779478414,20856.21
2021-03-15,-10.0,20970.59,56.374929779478414,20980.59
2021-03-16,-10.0,20944.13,56.374929779478414,20954.13
2021-03-17,-10.0,21015.58,56.374929779478414,21025.58
2021-03-18,-10.0,20709.66,56.374929779478414,20719.66
2021-03-19,-10.0,20671.32,56.374929779478414,20681.32
2021-03-22,-10.0,20836.46,56.374929779478414,20846.46
2021-03-23,-10.0,20672.39,56.374929779478414,20682.39
2021-03-24,-10.0,20567.25,56.374929779478414,20577.25
2021-03-25,-10.0,20683.01,56.374929779478414,20693.01
2021-03-26,-10.0,21016.47,56.374929779478414,21026.47
2021-03-29,-10.0,21005.85,56.374929779478414,21015.85
2021-03-30,-10.0,20950.1,56.374929779478414,20960.1
2021-03-31,-10.0,21035.06,56.374929779478414,21045.06
2021-04-01,-10.0,21262.33,56.374929779478414,21272.33
2021-04-05,-10.0,22067.65,57.68125675860684,22077.65
2021-04-06,-10.0,22054.61,57.68125675860684,22064.61
2021-04-07,-10.0,22080.15,57.68125675860684,22090.15
2021-04-08,-10.0,22185.0,57.68125675860684,22195.0
2021-04-09,-10.0,22346.36,57.68125675860684,22356.36
2021-04-12,-10.0,22354.51,57.68125675860684,22364.51
2021-04-13,-10.0,22420.8,57.68125675860684,22430.8
2021-04-14,-10.0,22344.19,57.68125675860684,22354.19
2021-04-15,-10.0,22584.33,57.68125675860684,22594.33
2021-04-16,-10.0,22659.85,57.68125675860684,22669.85
2021-04-19,-10.0,22548.48,57.68125675860684,22558.48
2021-04-20,-10.0,22383.31,57.68125675860684,22393.31
2021-04-21,-10.0,22595.2,57.68125675860684,22605.2
2021-04-22,-10.0,22388.74,57.68125675860684,22398.74
2021-04-23,-10.0,22631.6,57.68125675860684,22641.6
2021-04-26,-10.0,22678.86,57.68125675860684,22688.86
2021-04-27,-10.0,22673.98,57.68125675860684,22683.98
2021-04-28,-10.0,22667.46,57.68125675860684,22677.46
2021-04-29,-10.0,22811.98,57.68125675860684,22821.98
2021-04-30,-10.0,22662.02,57.68125675860684,22672.02
2021-05-03,-10.0,22710.92,57.68125675860684,22720.92
2021-05-04,-10.0,23070.75,58.95847860153257,23080.75
2021-05-05,-10.0,23077.97,58.95847860153257,23087.97
2021-05-06,-10.0,23262.34,58.95847860153257,23272.34
2021-05-07,-10.0,23431.71,58.95847860153257,23441.71
2021-05-10,-10.0,23199.59,58.95847860153257,23209.59
2021-05-11,-10.0,22992.45,58.95847860153257,23002.45
2021-05-12,-10.0,22503.75,58.95847860153257,22513.75
2021-05-13,-10.0,22774.2,58.95847860153257,22784.2
2021-05-14,-10.0,23124.06,58.95847860153257,23134.06
2021-05-17,-10.0,23065.2,58.95847860153257,23075.2
2021-05-18,-10.0,22866.39,58.95847860153257,22876.39
2021-05-19,-10.0,22806.41,58.95847860153257,22816.41
2021-05-20,-10.0,23051.86,58.95847860153257,23061.86
2021-05-21,-10.0,23032.99,58.95847860153257,23042.99
2021-05-24,-10.0,23267.89,58.95847860153257,23277.89
2021-05-25,-10.0,23216.25,58.95847860153257,23226.25
2021-05-26,-10.0,23262.34,58.95847860153257,23272.34
2021-05-27,-10.0,23274.56,58.95847860153257,23284.56
2021-05-28,-10.0,23316.2,58.95847860153257,23326.2
2021-06-01,-10.0,23295.66,58.95847860153257,23305.66
2021-06-02,-10.0,23332.31,58.95847860153257,23342.31
2021-06-03,-10.0,23745.68,60.22609341065302,23755.68
2021-06-04,-10.0,23962.94,60.22609341065302,23972.94
2021-06-07,-10.0,23939.69,60.22609341065302,23949.69
2021-06-08,-10.0,23944.79,60.22609341065302,23954.79
2021-06-09,-10.0,23909.05,60.22609341065302,23919.05
2021-06-10,-10.0,24020.24,60.22609341065302,24030.24
2021-06-11,-10.0,24059.95,60.22609341065302,24069.95
2021-06-14,-10.0,24113.84,60.22609341065302,24123.84
2021-06-15,-10.0,24069.59,60.22609341065302,24079.59
2021-06-16,-10.0,23935.15,60.22609341065302,23945.15
2021-06-17,-10.0,23927.2,60.22609341065302,23937.2
2021-06-18,-10.0,23604.28,60.22609341065302,23614.28
2021-06-21,-10.0,23942.34,60.22609341065302,23952.34
2021-06-22,-10.0,24070.4,60.22609341065302,24080.4
2021-06-23,-10.0,24041.38,60.22609341065302,24051.38
2021-06-24,-10.0,24183.66,60.22609341065302,24193.66
2021-06-25,-10.0,24269.59,60.22609341065302,24279.59
2021-06-28,-10.0,24318.54,60.22609341065302,24328.54
2021-06-29,-10.0,24331.63,60.22609341065302,24341.63
2021-06-30,-10.0,24352.12,60.22609341065302,24362.12
2021-07-01,-10.0,24487.0,60.22609341065302,24497.0
2021-07-02,-10.0,25174.24,61.44602330042449,25184.24
2021-07-06,-10.0,25128.37,61.44602330042449,25138.37
2021-07-07,-10.0,25217.22,61.44602330042449,25227.22
2021-07-08,-10.0,25011.66,61.44602330042449,25021.66
2021-07-09,-10.0,25278.76,61.44602330042449,25288.76
2021-07-12,-10.0,25369.34,61.44602330042449,25379.34
2021-07-13,-10.0,25282.82,61.44602330042449,25292.82
2021-07-14,-10.0,25320.57,61.44602330042449,25330.57
2021-07-15,-10.0,25234.06,61.44602330042449,25244.06
2021-07-16,-10.0,25036.05,61.44602330042449,25046.05
2021-07-19,-10.0,24666.17,61.44602330042449,24676.17
2021-07-20,-10.0,25019.79,61.44602330042449,25029.79
2021-07-21,-10.0,25222.44,61.44602330042449,25232.44
2021-07-22,-10.0,25275.28,61.44602330042449,25285.28
2021-07-23,-10.0,25535.42,61.44602330042449,25545.42
2021-07-26,-10.0,25598.13,61.44602330042449,25608.13
2021-07-27,-10.0,25481.41,61.44602330042449,25491.41
2021-07-28,-10.0,25470.96,61.44602330042449,25480.96
2021-07-29,-10.0,25576.64,61.44602330042449,25586.64
2021-07-30,-10.0,25452.38,61.44602330042449,25462.38
2021-08-02,-10.0,25398.96,61.44602330042449,25408.96
2021-08-03,-10.0,26105.68,62.64540647897293,26115.68
2021-08-04,-10.0,25977.21,62.64540647897293,25987.21
2021-08-05,-10.0,26141.78,62.64540647897293,26151.78
2021-08-06,-10.0,26185.0,62.64540647897293,26195.0
2021-08-09,-10.0,26163.69,62.64540647897293,26173.69
2021-08-10,-10.0,26196.25,62.64540647897293,26206.25
2021-08-11,-10.0,26261.37,62.64540647897293,26271.37
2021-08-12,-10.0,26340.1,62.64540647897293,26350.1
2021-08-13,-10.0,26388.05,62.64540647897293,26398.05
2021-08-16,-10.0,26450.21,62.64540647897293,26460.21
2021-08-17,-10.0,26276.76,62.64540647897293,26286.76
2021-08-18,-10.0,25989.05,62.64540647897293,25999.05
2021-08-19,-10.0,26029.3,62.64540647897293,26039.3
2021-08-20,-10.0,26236.5,62.64540647897293,26246.5
2021-08-23,-10.0,26467.38,62.64540647897293,26477.38
2021-08-24,-10.0,26509.41,62.64540647897293,26519.41
2021-08-25,-10.0,26565.05,62.64540647897293,26575.05
2021-08-26,-10.0,26408.18,62.64540647897293,26418.18
2021-08-27,-10.0,26644.38,62.64540647897293,26654.38
2021-08-30,-10.0,26761.6,62.64540647897293,26771.6
2021-08-31,-10.0,26721.94,62.64540647897293,26731.94
2021-09-01,-10.0,27236.14,63.81651757562941,27246.14
2021-09-02,-10.0,27319.97,63.81651757562941,27329.97
2021-09-03,-10.0,27313.33,63.81651757562941,27323.33
2021-09-07,-10.0,27215.64,63.81651757562941,27225.64
2021-09-08,-10.0,27182.47,63.81651757562941,27192.47
2021-09-09,-10.0,27066.08,63.81651757562941,27076.08
2021-09-10,-10.0,26852.6,63.81651757562941,26862.6
2021-09-13,-10.0,26921.35,63.81651757562941,26931.35
2021-09-14,-10.0,26776.01,63.81651757562941,26786.01
2021-09-15,-10.0,26999.74,63.81651757562941,27009.74
2021-09-16,-10.0,26956.93,63.81651757562941,26966.93
2021-09-17,-10.0,26694.24,63.81651757562941,26704.24
2021-09-20,-10.0,26248.97,63.81651757562941,26258.97
2021-09-21,-10.0,26224.16,63.81651757562941,26234.16
2021-09-22,-10.0,26480.08,63.81651757562941,26490.08
2021-09-23,-10.0,26801.93,63.81651757562941,26811.93
2021-09-24,-10.0,26846.1,63.81651757562941,26856.1
2021-09-27,-10.0,26769.26,63.81651757562941,26779.26
2021-09-28,-10.0,26229.61,63.81651757562941,26239.61
2021-09-29,-10.0,26273.77,63.81651757562941,26283.77
2021-09-30,-10.0,25952.52,63.81651757562941,25962.52
2021-10-01,-10.0,26761.07,65.03109556574748,26771.07
2021-10-04,-10.0,26415.83,65.03109556574748,26425.83
2021-10-05,-10.0,26690.79,65.03109556574748,26700.79
2021-10-06,-10.0,26801.76,65.03109556574748,26811.76
2021-10-07,-10.0,27033.56,65.03109556574748,27043.56
2021-10-08,-10.0,26984.24,65.03109556574748,26994.24
2021-10-11,-10.0,26788.81,65.03109556574748,26798.81
2021-10-12,-10.0,26722.84,65.03109556574748,26732.84
2021-10-13,-10.0,26819.02,65.03109556574748,26829.02
2021-10-14,-10.0,27270.3,65.03109556574748,27280.3
2021-10-15,-10.0,27478.06,65.03109556574748,27488.06
2021-10-18,-10.0,27559.44,65.03109556574748,27569.44
2021-10-19,-10.0,27772.13,65.03109556574748,27782.13
2021-10-20,-10.0,27881.26,65.03109556574748,27891.26
2021-10-21,-10.0,27954.0,65.03109556574748,27964.0
2021-10-22,-10.0,27925.03,65.03109556574748,27935.03
2021-10-25,-10.0,28074.84,65.03109556574748,28084.84
2021-10-26,-10.0,28100.12,65.03109556574748,28110.12
2021-10-27,-10.0,27975.58,65.03109556574748,27985.58
2021-10-28,-10.0,28245.61,65.03109556574748,28255.61
2021-10-29,-10.0,28302.95,65.03109556574748,28312.95
2021-11-01,-10.0,28851.65,66.17755747401877,28861.65
2021-11-02,-10.0,28968.34,66.17755747401877,28978.34
2021-11-03,-10.0,29145.26,66.17755747401877,29155.26
2021-11-04,-10.0,29282.66,66.17755747401877,29292.66
2021-11-05,-10.0,29384.29,66.17755747401877,29394.29
2021-11-08,-10.0,29409.39,66.17755747401877,29419.39
2021-11-09,-10.0,29312.14,66.17755747401877,29322.14
2021-11-10,-10.0,29076.25,66.17755747401877,29086.25
2021-11-11,-10.0,29085.66,66.17755747401877,29095.66
2021-11-12,-10.0,29305.23,66.17755747401877,29315.23
2021-11-15,-10.0,29315.28,66.17755747401877,29325.28
2021-11-16,-10.0,29431.34,66.17755747401877,29441.34
2021-11-17,-10.0,29359.82,66.17755747401877,29369.82
2021-11-18,-10.0,29459.57,66.17755747401877,29469.57
2021-11-19,-10.0,29406.87,66.17755747401877,29416.87
2021-11-22,-10.0,29324.06,66.17755747401877,29334.06
2021-11-23,-10.0,29362.96,66.17755747401877,29372.96
2021-11-24,-10.0,29441.38,66.17755747401877,29451.38
2021-11-26,-10.0,28784.52,66.17755747401877,28794.52
2021-11-29,-10.0,29137.73,66.17755747401877,29147.73
2021-11-30,-10.0,28570.59,66.17755747401877,28580.59
2021-12-01,-10.0,28753.14,67.34829726809605,28763.14
2021-12-02,-10.0,29193.68,67.34829726809605,29203.68
2021-12-03,-10.0,28939.57,67.34829726809605,28949.57
2021-12-06,-10.0,29282.43,67.34829726809605,29292.43
2021-12-07,-10.0,29888.33,67.34829726809605,29898.33
2021-12-08,-10.0,29967.51,67.34829726809605,29977.51
2021-12-09,-10.0,29765.11,67.34829726809605,29775.11
2021-12-10,-10.0,30045.41,67.34829726809605,30055.41
2021-12-13,-10.0,29779.16,67.34829726809605,29789.16
2021-12-14,-10.0,29574.21,67.34829726809605,29584.21
2021-12-15,-10.0,30036.47,67.34829726809605,30046.47
2021-12-16,-10.0,29771.5,67.34829726809605,29781.5
2021-12-17,-10.0,29454.54,67.34829726809605,29464.54
2021-12-20,-10.0,29141.23,67.34829726809605,29151.23
2021-12-21,-10.0,29658.92,67.34829726809605,29668.92
2021-12-22,-10.0,29955.58,67.34829726809605,29965.58
2021-12-23,-10.0,30142.02,67.34829726809605,30152.02
2021-12-27,-10.0,30568.74,67.34829726809605,30578.74
2021-12-28,-10.0,30543.75,67.34829726809605,30553.75
2021-12-29,-10.0,30582.84,67.34829726809605,30592.84
2021-12-30,-10.0,30498.26,67.34829726809605,30508.26
2021-12-31,-10.0,30921.38,68.45485744635597,30931.38
